Country,Country_Code,Year,%_of_pop_using_internet
Aruba,ABW,2008,52
Aruba,ABW,2009,58
Aruba,ABW,2010,62
Aruba,ABW,2011,69
Aruba,ABW,2012,74
Aruba,ABW,2013,78.9
Aruba,ABW,2014,83.78
Aruba,ABW,2015,88.6612
Aruba,ABW,2016,93.5425
Aruba,ABW,2017,97.17
Aruba,ABW,2018,97.17
Aruba,ABW,2019,97.17
Afghanistan,AFG,2008,1.84
Afghanistan,AFG,2009,3.55
Afghanistan,AFG,2010,4
Afghanistan,AFG,2011,5
Afghanistan,AFG,2012,5.45455
Afghanistan,AFG,2013,5.9
Afghanistan,AFG,2014,7
Afghanistan,AFG,2015,8.26
Afghanistan,AFG,2016,11.2
Afghanistan,AFG,2017,13.5
Afghanistan,AFG,2018,13.5
Afghanistan,AFG,2019,13.5
Angola,AGO,2008,1.9
Angola,AGO,2009,2.3
Angola,AGO,2010,2.8
Angola,AGO,2011,3.1
Angola,AGO,2012,6.5
Angola,AGO,2013,8.9
Angola,AGO,2014,21.4
Angola,AGO,2015,12.4
Angola,AGO,2016,13
Angola,AGO,2017,14.3391
Angola,AGO,2018,14.3391
Angola,AGO,2019,14.3391
Albania,ALB,2008,23.86
Albania,ALB,2009,41.2
Albania,ALB,2010,45
Albania,ALB,2011,49
Albania,ALB,2012,54.656
Albania,ALB,2013,57.2
Albania,ALB,2014,60.1
Albania,ALB,2015,63.2529
Albania,ALB,2016,66.3634
Albania,ALB,2017,71.847
Albania,ALB,2018,71.847
Albania,ALB,2019,69.6429
Andorra,AND,2008,70.04
Andorra,AND,2009,78.53
Andorra,AND,2010,81
Andorra,AND,2011,81
Andorra,AND,2012,86.4344
Andorra,AND,2013,94
Andorra,AND,2014,95.9
Andorra,AND,2015,96.91
Andorra,AND,2016,97.9306
Andorra,AND,2017,91.5675
Andorra,AND,2018,91.5675
Andorra,AND,2019,91.5675
Arab World,ARB,2008,17.40149639
Arab World,ARB,2009,20.01233084
Arab World,ARB,2010,24.14111112
Arab World,ARB,2011,26.75387653
Arab World,ARB,2012,30.09324811
Arab World,ARB,2013,33.11279744
Arab World,ARB,2014,36.62385144
Arab World,ARB,2015,43.69633566
Arab World,ARB,2016,41.48748034
Arab World,ARB,2017,49.26013233
Arab World,ARB,2018,52.12808523
Arab World,ARB,2019,55.79837193
United Arab Emirates,ARE,2008,63
United Arab Emirates,ARE,2009,64
United Arab Emirates,ARE,2010,68
United Arab Emirates,ARE,2011,78
United Arab Emirates,ARE,2012,85
United Arab Emirates,ARE,2013,88
United Arab Emirates,ARE,2014,90.4
United Arab Emirates,ARE,2015,90.5
United Arab Emirates,ARE,2016,90.6
United Arab Emirates,ARE,2017,94.8199
United Arab Emirates,ARE,2018,98.45
United Arab Emirates,ARE,2019,99.15
Argentina,ARG,2008,28.1126
Argentina,ARG,2009,34
Argentina,ARG,2010,45
Argentina,ARG,2011,51
Argentina,ARG,2012,55.8
Argentina,ARG,2013,59.9
Argentina,ARG,2014,64.7
Argentina,ARG,2015,68.0431
Argentina,ARG,2016,70.969
Argentina,ARG,2017,74.2949
Argentina,ARG,2018,74.2949
Argentina,ARG,2019,74.2949
Armenia,ARM,2008,6.21
Armenia,ARM,2009,15.3
Armenia,ARM,2010,25
Armenia,ARM,2011,32
Armenia,ARM,2012,37.5
Armenia,ARM,2013,41.9
Armenia,ARM,2014,54.6228
Armenia,ARM,2015,59.1024
Armenia,ARM,2016,64.346
Armenia,ARM,2017,64.7449
Armenia,ARM,2018,64.7449
Armenia,ARM,2019,64.7449
American Samoa,ASM,2008,0
American Samoa,ASM,2009,0
American Samoa,ASM,2010,0
American Samoa,ASM,2011,0
American Samoa,ASM,2012,0
American Samoa,ASM,2013,0
American Samoa,ASM,2014,0
American Samoa,ASM,2015,0
American Samoa,ASM,2016,0
American Samoa,ASM,2017,0
American Samoa,ASM,2018,0
American Samoa,ASM,2019,0
Antigua and Barbuda,ATG,2008,38
Antigua and Barbuda,ATG,2009,42
Antigua and Barbuda,ATG,2010,47
Antigua and Barbuda,ATG,2011,52
Antigua and Barbuda,ATG,2012,58
Antigua and Barbuda,ATG,2013,63.4
Antigua and Barbuda,ATG,2014,67.78
Antigua and Barbuda,ATG,2015,70
Antigua and Barbuda,ATG,2016,73
Antigua and Barbuda,ATG,2017,76
Antigua and Barbuda,ATG,2018,76
Antigua and Barbuda,ATG,2019,76
Australia,AUS,2008,71.67
Australia,AUS,2009,74.25
Australia,AUS,2010,76
Australia,AUS,2011,79.4877
Australia,AUS,2012,79
Australia,AUS,2013,83.4535
Australia,AUS,2014,84
Australia,AUS,2015,84.5605
Australia,AUS,2016,86.54
Australia,AUS,2017,86.545
Australia,AUS,2018,86.545
Australia,AUS,2019,86.545
Austria,AUT,2008,72.87
Austria,AUT,2009,73.45
Austria,AUT,2010,75.17
Austria,AUT,2011,78.74
Austria,AUT,2012,80.03
Austria,AUT,2013,80.6188
Austria,AUT,2014,80.9958
Austria,AUT,2015,83.9401
Austria,AUT,2016,84.3237
Austria,AUT,2017,87.9356
Austria,AUT,2018,87.7105
Austria,AUT,2019,87.7522
Azerbaijan,AZE,2008,17.08
Azerbaijan,AZE,2009,27.4
Azerbaijan,AZE,2010,46
Azerbaijan,AZE,2011,50
Azerbaijan,AZE,2012,54.2
Azerbaijan,AZE,2013,73
Azerbaijan,AZE,2014,75
Azerbaijan,AZE,2015,77
Azerbaijan,AZE,2016,78.2
Azerbaijan,AZE,2017,79
Azerbaijan,AZE,2018,79.8
Azerbaijan,AZE,2019,79.8
Burundi,BDI,2008,0.81
Burundi,BDI,2009,0.9
Burundi,BDI,2010,1
Burundi,BDI,2011,1.11
Burundi,BDI,2012,1.22
Burundi,BDI,2013,1.26422
Burundi,BDI,2014,1.38
Burundi,BDI,2015,4.86622
Burundi,BDI,2016,5.17363
Burundi,BDI,2017,2.66075
Burundi,BDI,2018,2.66075
Burundi,BDI,2019,2.66075
Belgium,BEL,2008,66
Belgium,BEL,2009,70
Belgium,BEL,2010,75
Belgium,BEL,2011,81.61
Belgium,BEL,2012,80.72
Belgium,BEL,2013,82.1702
Belgium,BEL,2014,85
Belgium,BEL,2015,85.0529
Belgium,BEL,2016,86.5165
Belgium,BEL,2017,87.6797
Belgium,BEL,2018,88.6551
Belgium,BEL,2019,90.3705
Benin,BEN,2008,1.85
Benin,BEN,2009,2.24
Benin,BEN,2010,3.13
Benin,BEN,2011,4.14832
Benin,BEN,2012,4.5
Benin,BEN,2013,4.9
Benin,BEN,2014,6
Benin,BEN,2015,11.255
Benin,BEN,2016,11.994
Benin,BEN,2017,20
Benin,BEN,2018,20
Benin,BEN,2019,20
Burkina Faso,BFA,2008,0.92
Burkina Faso,BFA,2009,1.13
Burkina Faso,BFA,2010,2.4
Burkina Faso,BFA,2011,3
Burkina Faso,BFA,2012,3.72503
Burkina Faso,BFA,2013,9.1
Burkina Faso,BFA,2014,9.4
Burkina Faso,BFA,2015,14
Burkina Faso,BFA,2016,13.96
Burkina Faso,BFA,2017,16
Burkina Faso,BFA,2018,16
Burkina Faso,BFA,2019,16
Bangladesh,BGD,2008,2.5
Bangladesh,BGD,2009,3.1
Bangladesh,BGD,2010,3.7
Bangladesh,BGD,2011,4.5
Bangladesh,BGD,2012,5
Bangladesh,BGD,2013,6.63
Bangladesh,BGD,2014,13.9
Bangladesh,BGD,2015,14.4
Bangladesh,BGD,2016,18.02
Bangladesh,BGD,2017,15
Bangladesh,BGD,2018,15
Bangladesh,BGD,2019,12.9
Bulgaria,BGR,2008,39.67
Bulgaria,BGR,2009,45
Bulgaria,BGR,2010,46.23
Bulgaria,BGR,2011,47.98
Bulgaria,BGR,2012,51.9
Bulgaria,BGR,2013,53.0615
Bulgaria,BGR,2014,55.49
Bulgaria,BGR,2015,56.6563
Bulgaria,BGR,2016,59.8255
Bulgaria,BGR,2017,63.4101
Bulgaria,BGR,2018,64.782
Bulgaria,BGR,2019,67.947
Bahrain,BHR,2008,51.95
Bahrain,BHR,2009,53
Bahrain,BHR,2010,55
Bahrain,BHR,2011,77
Bahrain,BHR,2012,88
Bahrain,BHR,2013,90
Bahrain,BHR,2014,90.5031
Bahrain,BHR,2015,93.4783
Bahrain,BHR,2016,98
Bahrain,BHR,2017,95.8781
Bahrain,BHR,2018,98.6434
Bahrain,BHR,2019,99.7015
"Bahamas, The",BHS,2008,31.54
"Bahamas, The",BHS,2009,33.88
"Bahamas, The",BHS,2010,43
"Bahamas, The",BHS,2011,65
"Bahamas, The",BHS,2012,71.7482
"Bahamas, The",BHS,2013,72
"Bahamas, The",BHS,2014,76.92
"Bahamas, The",BHS,2015,78
"Bahamas, The",BHS,2016,80
"Bahamas, The",BHS,2017,85
"Bahamas, The",BHS,2018,85
"Bahamas, The",BHS,2019,85
Bosnia and Herzegovina,BIH,2008,34.66
Bosnia and Herzegovina,BIH,2009,37.74
Bosnia and Herzegovina,BIH,2010,42.75
Bosnia and Herzegovina,BIH,2011,43.8877
Bosnia and Herzegovina,BIH,2012,45.0645
Bosnia and Herzegovina,BIH,2013,48.5213
Bosnia and Herzegovina,BIH,2014,49.9177
Bosnia and Herzegovina,BIH,2015,52.6
Bosnia and Herzegovina,BIH,2016,60.2565
Bosnia and Herzegovina,BIH,2017,64.892
Bosnia and Herzegovina,BIH,2018,70.1201
Bosnia and Herzegovina,BIH,2019,69.9463
Belarus,BLR,2008,23
Belarus,BLR,2009,27.43
Belarus,BLR,2010,31.8
Belarus,BLR,2011,39.6489
Belarus,BLR,2012,46.91
Belarus,BLR,2013,54.17
Belarus,BLR,2014,59.02
Belarus,BLR,2015,62.2304
Belarus,BLR,2016,71.113
Belarus,BLR,2017,74.4364
Belarus,BLR,2018,79.1299
Belarus,BLR,2019,82.7892
Belize,BLZ,2008,26.3
Belize,BLZ,2009,27.2
Belize,BLZ,2010,28.2
Belize,BLZ,2011,30.7
Belize,BLZ,2012,31
Belize,BLZ,2013,33.6
Belize,BLZ,2014,38.7
Belize,BLZ,2015,41.59
Belize,BLZ,2016,44.5757
Belize,BLZ,2017,47.0826
Belize,BLZ,2018,47.0826
Belize,BLZ,2019,47.0826
Bermuda,BMU,2008,82.3
Bermuda,BMU,2009,83.25
Bermuda,BMU,2010,84.21
Bermuda,BMU,2011,88.336
Bermuda,BMU,2012,91.2993
Bermuda,BMU,2013,95.3
Bermuda,BMU,2014,96.8
Bermuda,BMU,2015,98.3236
Bermuda,BMU,2016,98
Bermuda,BMU,2017,98.37
Bermuda,BMU,2018,98.37
Bermuda,BMU,2019,98.37
Bolivia,BOL,2008,12.5
Bolivia,BOL,2009,16.8
Bolivia,BOL,2010,22.4
Bolivia,BOL,2011,30
Bolivia,BOL,2012,35.34
Bolivia,BOL,2013,36.99
Bolivia,BOL,2014,34.6
Bolivia,BOL,2015,35.5623
Bolivia,BOL,2016,39.6975
Bolivia,BOL,2017,43.8323
Bolivia,BOL,2018,43.8323
Bolivia,BOL,2019,43.8323
Brazil,BRA,2008,33.83
Brazil,BRA,2009,39.22
Brazil,BRA,2010,40.65
Brazil,BRA,2011,45.69
Brazil,BRA,2012,48.56
Brazil,BRA,2013,51.04
Brazil,BRA,2014,54.551
Brazil,BRA,2015,58.328
Brazil,BRA,2016,60.8725
Brazil,BRA,2017,67.4713
Brazil,BRA,2018,67.4713
Brazil,BRA,2019,67.4713
Barbados,BRB,2008,61.4
Barbados,BRB,2009,64.7
Barbados,BRB,2010,65.1
Barbados,BRB,2011,66.5
Barbados,BRB,2012,71.2
Barbados,BRB,2013,71.8
Barbados,BRB,2014,75.16
Barbados,BRB,2015,76.11
Barbados,BRB,2016,79.5494
Barbados,BRB,2017,81.7608
Barbados,BRB,2018,81.7608
Barbados,BRB,2019,81.7608
Brunei Darussalam,BRN,2008,46
Brunei Darussalam,BRN,2009,49
Brunei Darussalam,BRN,2010,53
Brunei Darussalam,BRN,2011,56
Brunei Darussalam,BRN,2012,60.2731
Brunei Darussalam,BRN,2013,64.5
Brunei Darussalam,BRN,2014,68.77
Brunei Darussalam,BRN,2015,71.2
Brunei Darussalam,BRN,2016,90
Brunei Darussalam,BRN,2017,94.8667
Brunei Darussalam,BRN,2018,94.6
Brunei Darussalam,BRN,2019,95
Bhutan,BTN,2008,6.55
Bhutan,BTN,2009,7.17
Bhutan,BTN,2010,13.6
Bhutan,BTN,2011,14.4
Bhutan,BTN,2012,15.6
Bhutan,BTN,2013,22.4
Bhutan,BTN,2014,30.3
Bhutan,BTN,2015,39.8
Bhutan,BTN,2016,41.7726
Bhutan,BTN,2017,48.1064
Bhutan,BTN,2018,48.1064
Bhutan,BTN,2019,48.1064
Botswana,BWA,2008,6.25
Botswana,BWA,2009,6.15
Botswana,BWA,2010,6
Botswana,BWA,2011,9
Botswana,BWA,2012,16
Botswana,BWA,2013,30
Botswana,BWA,2014,36.7447
Botswana,BWA,2015,37.3121
Botswana,BWA,2016,39.363
Botswana,BWA,2017,47
Botswana,BWA,2018,47
Botswana,BWA,2019,47
Central African Republic,CAF,2008,1
Central African Republic,CAF,2009,1.8
Central African Republic,CAF,2010,2
Central African Republic,CAF,2011,2.2
Central African Republic,CAF,2012,3
Central African Republic,CAF,2013,3.4
Central African Republic,CAF,2014,3.6
Central African Republic,CAF,2015,3.8
Central African Republic,CAF,2016,4
Central African Republic,CAF,2017,4.33925
Central African Republic,CAF,2018,4.33925
Central African Republic,CAF,2019,4.33925
Canada,CAN,2008,76.7
Canada,CAN,2009,80.3
Canada,CAN,2010,80.3
Canada,CAN,2011,83
Canada,CAN,2012,83
Canada,CAN,2013,85.8
Canada,CAN,2014,87.12
Canada,CAN,2015,90
Canada,CAN,2016,91.16
Canada,CAN,2017,91
Canada,CAN,2018,91
Canada,CAN,2019,91
Central Europe and the Baltics,CEB,2008,50.68652882
Central Europe and the Baltics,CEB,2009,55.09862076
Central Europe and the Baltics,CEB,2010,58.59131297
Central Europe and the Baltics,CEB,2011,59.11035205
Central Europe and the Baltics,CEB,2012,61.71634511
Central Europe and the Baltics,CEB,2013,63.46399045
Central Europe and the Baltics,CEB,2014,66.48339131
Central Europe and the Baltics,CEB,2015,67.34946512
Central Europe and the Baltics,CEB,2016,71.34198606
Central Europe and the Baltics,CEB,2017,73.40958523
Central Europe and the Baltics,CEB,2018,75.88779972
Central Europe and the Baltics,CEB,2019,80.23198324
Switzerland,CHE,2008,79.2
Switzerland,CHE,2009,81.3
Switzerland,CHE,2010,83.9
Switzerland,CHE,2011,85.193
Switzerland,CHE,2012,85.2
Switzerland,CHE,2013,86.34
Switzerland,CHE,2014,87.4
Switzerland,CHE,2015,87.4791
Switzerland,CHE,2016,89.1347
Switzerland,CHE,2017,89.6861
Switzerland,CHE,2018,89.6861
Switzerland,CHE,2019,93.1461
Channel Islands,CHI,2008,0
Channel Islands,CHI,2009,0
Channel Islands,CHI,2010,0
Channel Islands,CHI,2011,0
Channel Islands,CHI,2012,0
Channel Islands,CHI,2013,0
Channel Islands,CHI,2014,0
Channel Islands,CHI,2015,0
Channel Islands,CHI,2016,0
Channel Islands,CHI,2017,0
Channel Islands,CHI,2018,0
Channel Islands,CHI,2019,0
Chile,CHL,2008,37.3
Chile,CHL,2009,41.56
Chile,CHL,2010,45
Chile,CHL,2011,52.2496
Chile,CHL,2012,55.05
Chile,CHL,2013,58
Chile,CHL,2014,61.11
Chile,CHL,2015,76.63
Chile,CHL,2016,83.5586
Chile,CHL,2017,82.3275
Chile,CHL,2018,82.3275
Chile,CHL,2019,82.3275
China,CHN,2008,22.6
China,CHN,2009,28.9
China,CHN,2010,34.3
China,CHN,2011,38.3
China,CHN,2012,42.3001
China,CHN,2013,45.8
China,CHN,2014,47.9
China,CHN,2015,50.3
China,CHN,2016,53.2
China,CHN,2017,54.3
China,CHN,2018,54.3
China,CHN,2019,54.3
Cote d'Ivoire,CIV,2008,1.9
Cote d'Ivoire,CIV,2009,2
Cote d'Ivoire,CIV,2010,2.7
Cote d'Ivoire,CIV,2011,2.9
Cote d'Ivoire,CIV,2012,5
Cote d'Ivoire,CIV,2013,12
Cote d'Ivoire,CIV,2014,19.2742
Cote d'Ivoire,CIV,2015,38.44
Cote d'Ivoire,CIV,2016,41.2078
Cote d'Ivoire,CIV,2017,43.8399
Cote d'Ivoire,CIV,2018,46.8237
Cote d'Ivoire,CIV,2019,36.4538
Cameroon,CMR,2008,3.4
Cameroon,CMR,2009,3.84
Cameroon,CMR,2010,4.3
Cameroon,CMR,2011,5
Cameroon,CMR,2012,7.5
Cameroon,CMR,2013,10
Cameroon,CMR,2014,16.2149
Cameroon,CMR,2015,20.6801
Cameroon,CMR,2016,23.203
Cameroon,CMR,2017,23.203
Cameroon,CMR,2018,23.203
Cameroon,CMR,2019,23.203
"Congo, Dem. Rep.",COD,2008,0.44
"Congo, Dem. Rep.",COD,2009,0.56
"Congo, Dem. Rep.",COD,2010,0.72
"Congo, Dem. Rep.",COD,2011,1.2
"Congo, Dem. Rep.",COD,2012,1.67996
"Congo, Dem. Rep.",COD,2013,2.2
"Congo, Dem. Rep.",COD,2014,3
"Congo, Dem. Rep.",COD,2015,3.8
"Congo, Dem. Rep.",COD,2016,6.20997
"Congo, Dem. Rep.",COD,2017,8.6199
"Congo, Dem. Rep.",COD,2018,8.6199
"Congo, Dem. Rep.",COD,2019,8.6199
"Congo, Rep.",COG,2008,4.28751
"Congo, Rep.",COG,2009,4.5
"Congo, Rep.",COG,2010,5
"Congo, Rep.",COG,2011,5.6
"Congo, Rep.",COG,2012,6.1067
"Congo, Rep.",COG,2013,6.6
"Congo, Rep.",COG,2014,7.11
"Congo, Rep.",COG,2015,7.61597
"Congo, Rep.",COG,2016,8.12195
"Congo, Rep.",COG,2017,8.65
"Congo, Rep.",COG,2018,8.65
"Congo, Rep.",COG,2019,8.65
Colombia,COL,2008,25.6
Colombia,COL,2009,30
Colombia,COL,2010,36.5
Colombia,COL,2011,40.3509
Colombia,COL,2012,48.98
Colombia,COL,2013,51.7
Colombia,COL,2014,52.57
Colombia,COL,2015,55.905
Colombia,COL,2016,58.1365
Colombia,COL,2017,62.2599
Colombia,COL,2018,62.2599
Colombia,COL,2019,65.0069
Comoros,COM,2008,3
Comoros,COM,2009,3.5
Comoros,COM,2010,5.1
Comoros,COM,2011,5.5
Comoros,COM,2012,5.9753
Comoros,COM,2013,6.5
Comoros,COM,2014,6.98
Comoros,COM,2015,7.45916
Comoros,COM,2016,7.93832
Comoros,COM,2017,8.47817
Comoros,COM,2018,8.47817
Comoros,COM,2019,8.47817
Cabo Verde,CPV,2008,14
Cabo Verde,CPV,2009,21
Cabo Verde,CPV,2010,30
Cabo Verde,CPV,2011,32
Cabo Verde,CPV,2012,34.74
Cabo Verde,CPV,2013,37.5
Cabo Verde,CPV,2014,40.26
Cabo Verde,CPV,2015,42.68
Cabo Verde,CPV,2016,50.3228
Cabo Verde,CPV,2017,57.1621
Cabo Verde,CPV,2018,58.1714
Cabo Verde,CPV,2019,58.1714
Costa Rica,CRI,2008,32.29
Costa Rica,CRI,2009,34.33
Costa Rica,CRI,2010,36.5
Costa Rica,CRI,2011,39.2122
Costa Rica,CRI,2012,47.5
Costa Rica,CRI,2013,45.96
Costa Rica,CRI,2014,53
Costa Rica,CRI,2015,59.763
Costa Rica,CRI,2016,65.8804
Costa Rica,CRI,2017,71.3908
Costa Rica,CRI,2018,74.0868
Costa Rica,CRI,2019,81.2026
Caribbean small states,CSS,2008,27.66798763
Caribbean small states,CSS,2009,31.75089746
Caribbean small states,CSS,2010,35.39109463
Caribbean small states,CSS,2011,42.14124848
Caribbean small states,CSS,2012,42.49399151
Caribbean small states,CSS,2013,45.26984014
Caribbean small states,CSS,2014,48.33367778
Caribbean small states,CSS,2015,50.29546283
Caribbean small states,CSS,2016,52.95321869
Caribbean small states,CSS,2017,59.17636957
Caribbean small states,CSS,2018,59.1730233
Caribbean small states,CSS,2019,59.16267882
Cuba,CUB,2008,12.94
Cuba,CUB,2009,14.33
Cuba,CUB,2010,15.9
Cuba,CUB,2011,16.0173
Cuba,CUB,2012,21.2
Cuba,CUB,2013,27.93
Cuba,CUB,2014,29.0702
Cuba,CUB,2015,37.3051
Cuba,CUB,2016,42.9787
Cuba,CUB,2017,57.1484
Cuba,CUB,2018,57.1484
Cuba,CUB,2019,61.8363
Curacao,CUW,2008,0
Curacao,CUW,2009,0
Curacao,CUW,2010,0
Curacao,CUW,2011,0
Curacao,CUW,2012,0
Curacao,CUW,2013,0
Curacao,CUW,2014,0
Curacao,CUW,2015,0
Curacao,CUW,2016,61.8555
Curacao,CUW,2017,68.1272
Curacao,CUW,2018,68.1272
Curacao,CUW,2019,68.1272
Cayman Islands,CYM,2008,61
Cayman Islands,CYM,2009,64.5
Cayman Islands,CYM,2010,66
Cayman Islands,CYM,2011,69.4659
Cayman Islands,CYM,2012,69.7
Cayman Islands,CYM,2013,71.4
Cayman Islands,CYM,2014,74.1
Cayman Islands,CYM,2015,77
Cayman Islands,CYM,2016,79
Cayman Islands,CYM,2017,81.0677
Cayman Islands,CYM,2018,81.0677
Cayman Islands,CYM,2019,81.0677
Cyprus,CYP,2008,42.31
Cyprus,CYP,2009,49.81
Cyprus,CYP,2010,52.99
Cyprus,CYP,2011,56.8599
Cyprus,CYP,2012,60.6899
Cyprus,CYP,2013,65.4548
Cyprus,CYP,2014,69.33
Cyprus,CYP,2015,71.7159
Cyprus,CYP,2016,75.9002
Cyprus,CYP,2017,80.7432
Cyprus,CYP,2018,84.4336
Cyprus,CYP,2019,86.0636
Czech Republic,CZE,2008,62.97
Czech Republic,CZE,2009,64.43
Czech Republic,CZE,2010,68.82
Czech Republic,CZE,2011,70.49
Czech Republic,CZE,2012,73.43
Czech Republic,CZE,2013,74.1104
Czech Republic,CZE,2014,74.2317
Czech Republic,CZE,2015,75.6688
Czech Republic,CZE,2016,76.4812
Czech Republic,CZE,2017,78.7192
Czech Republic,CZE,2018,80.6882
Czech Republic,CZE,2019,80.8669
Germany,DEU,2008,78
Germany,DEU,2009,79
Germany,DEU,2010,82
Germany,DEU,2011,81.27
Germany,DEU,2012,82.35
Germany,DEU,2013,84.17
Germany,DEU,2014,86.19
Germany,DEU,2015,87.5898
Germany,DEU,2016,84.1652
Germany,DEU,2017,84.3955
Germany,DEU,2018,89.7391
Germany,DEU,2019,88.1345
Djibouti,DJI,2008,2.26
Djibouti,DJI,2009,4
Djibouti,DJI,2010,6.5
Djibouti,DJI,2011,7
Djibouti,DJI,2012,8.26723
Djibouti,DJI,2013,9.5
Djibouti,DJI,2014,10.71
Djibouti,DJI,2015,11.9224
Djibouti,DJI,2016,13.1349
Djibouti,DJI,2017,55.6814
Djibouti,DJI,2018,55.6814
Djibouti,DJI,2019,55.6814
Dominica,DMA,2008,41.16
Dominica,DMA,2009,42.02
Dominica,DMA,2010,47.45
Dominica,DMA,2011,48.6
Dominica,DMA,2012,49.8
Dominica,DMA,2013,51
Dominica,DMA,2014,57.5
Dominica,DMA,2015,65
Dominica,DMA,2016,67.03
Dominica,DMA,2017,69.6197
Dominica,DMA,2018,69.6197
Dominica,DMA,2019,69.6197
Denmark,DNK,2008,85.02
Denmark,DNK,2009,86.84
Denmark,DNK,2010,88.72
Denmark,DNK,2011,89.81
Denmark,DNK,2012,92.26
Denmark,DNK,2013,94.6297
Denmark,DNK,2014,95.99
Denmark,DNK,2015,96.3305
Denmark,DNK,2016,96.9678
Denmark,DNK,2017,97.0994
Denmark,DNK,2018,97.6443
Denmark,DNK,2019,98.0464
Dominican Republic,DOM,2008,20.82
Dominican Republic,DOM,2009,27.72
Dominican Republic,DOM,2010,31.4
Dominican Republic,DOM,2011,38
Dominican Republic,DOM,2012,42.32
Dominican Republic,DOM,2013,45.9
Dominican Republic,DOM,2014,49.58
Dominican Republic,DOM,2015,54.2158
Dominican Republic,DOM,2016,63.8709
Dominican Republic,DOM,2017,67.5712
Dominican Republic,DOM,2018,74.8243
Dominican Republic,DOM,2019,74.8243
Algeria,DZA,2008,10.18
Algeria,DZA,2009,11.23
Algeria,DZA,2010,12.5
Algeria,DZA,2011,14.9
Algeria,DZA,2012,18.2
Algeria,DZA,2013,22.5
Algeria,DZA,2014,29.5
Algeria,DZA,2015,38.2
Algeria,DZA,2016,42.9455
Algeria,DZA,2017,47.6911
Algeria,DZA,2018,59.5797
Algeria,DZA,2019,59.5797
East Asia & Pacific (excluding high income),EAP,2008,19.27252855
East Asia & Pacific (excluding high income),EAP,2009,23.78902104
East Asia & Pacific (excluding high income),EAP,2010,28.979835
East Asia & Pacific (excluding high income),EAP,2011,32.40434994
East Asia & Pacific (excluding high income),EAP,2012,36.08239434
East Asia & Pacific (excluding high income),EAP,2013,39.2318696
East Asia & Pacific (excluding high income),EAP,2014,41.54984646
East Asia & Pacific (excluding high income),EAP,2015,43.75255541
East Asia & Pacific (excluding high income),EAP,2016,48.13831924
East Asia & Pacific (excluding high income),EAP,2017,50.54988865
East Asia & Pacific (excluding high income),EAP,2018,52.87791335
East Asia & Pacific (excluding high income),EAP,2019,52.70706086
Early-demographic dividend,EAR,2008,8.473975636
Early-demographic dividend,EAR,2009,9.664196844
Early-demographic dividend,EAR,2010,12.79285702
Early-demographic dividend,EAR,2011,15.42567026
Early-demographic dividend,EAR,2012,18.06796716
Early-demographic dividend,EAR,2013,20.90993519
Early-demographic dividend,EAR,2014,25.44907585
Early-demographic dividend,EAR,2015,25.7726563
Early-demographic dividend,EAR,2016,30.16674885
Early-demographic dividend,EAR,2017,38.02905936
Early-demographic dividend,EAR,2018,39.5251068
Early-demographic dividend,EAR,2019,40.29326031
East Asia & Pacific,EAS,2008,25.28552523
East Asia & Pacific,EAS,2009,29.55067489
East Asia & Pacific,EAS,2010,34.27055397
East Asia & Pacific,EAS,2011,37.40232176
East Asia & Pacific,EAS,2012,40.7438027
East Asia & Pacific,EAS,2013,44.1230769
East Asia & Pacific,EAS,2014,46.32899683
East Asia & Pacific,EAS,2015,48.46669818
East Asia & Pacific,EAS,2016,52.61325318
East Asia & Pacific,EAS,2017,54.47706879
East Asia & Pacific,EAS,2018,56.61170208
East Asia & Pacific,EAS,2019,56.3774661
Europe & Central Asia (excluding high income),ECA,2008,23.42756017
Europe & Central Asia (excluding high income),ECA,2009,26.9613616
Europe & Central Asia (excluding high income),ECA,2010,35.38834733
Europe & Central Asia (excluding high income),ECA,2011,40.57393224
Europe & Central Asia (excluding high income),ECA,2012,48.98203292
Europe & Central Asia (excluding high income),ECA,2013,52.94660876
Europe & Central Asia (excluding high income),ECA,2014,57.04551416
Europe & Central Asia (excluding high income),ECA,2015,58.93337966
Europe & Central Asia (excluding high income),ECA,2016,62.65442346
Europe & Central Asia (excluding high income),ECA,2017,66.71485141
Europe & Central Asia (excluding high income),ECA,2018,70.13079249
Europe & Central Asia (excluding high income),ECA,2019,71.74691944
Europe & Central Asia,ECS,2008,47.31764038
Europe & Central Asia,ECS,2009,50.53583772
Europe & Central Asia,ECS,2010,56.08677408
Europe & Central Asia,ECS,2011,58.79334565
Europe & Central Asia,ECS,2012,63.58997055
Europe & Central Asia,ECS,2013,66.31170398
Europe & Central Asia,ECS,2014,68.98839489
Europe & Central Asia,ECS,2015,70.02930611
Europe & Central Asia,ECS,2016,72.43177928
Europe & Central Asia,ECS,2017,75.01664667
Europe & Central Asia,ECS,2018,78.282084
Europe & Central Asia,ECS,2019,79.55974188
Ecuador,ECU,2008,18.8
Ecuador,ECU,2009,24.6
Ecuador,ECU,2010,29.03
Ecuador,ECU,2011,31.3668
Ecuador,ECU,2012,35.1351
Ecuador,ECU,2013,40.2791
Ecuador,ECU,2014,45.5904
Ecuador,ECU,2015,48.9404
Ecuador,ECU,2016,54.0629
Ecuador,ECU,2017,57.2722
Ecuador,ECU,2018,57.2722
Ecuador,ECU,2019,57.2722
"Egypt, Arab Rep.",EGY,2008,18.01
"Egypt, Arab Rep.",EGY,2009,20
"Egypt, Arab Rep.",EGY,2010,21.6
"Egypt, Arab Rep.",EGY,2011,25.6
"Egypt, Arab Rep.",EGY,2012,26.4
"Egypt, Arab Rep.",EGY,2013,29.4
"Egypt, Arab Rep.",EGY,2014,33.8946
"Egypt, Arab Rep.",EGY,2015,37.8194
"Egypt, Arab Rep.",EGY,2016,41.2481
"Egypt, Arab Rep.",EGY,2017,44.9502
"Egypt, Arab Rep.",EGY,2018,46.9243
"Egypt, Arab Rep.",EGY,2019,57.2829
Euro area,EMU,2008,64.79549136
Euro area,EMU,2009,67.10514392
Euro area,EMU,2010,71.0268965
Euro area,EMU,2011,72.01351552
Euro area,EMU,2012,74.11892895
Euro area,EMU,2013,75.85040857
Euro area,EMU,2014,77.08924452
Euro area,EMU,2015,77.47243755
Euro area,EMU,2016,77.98942526
Euro area,EMU,2017,79.66091391
Euro area,EMU,2018,83.78363554
Euro area,EMU,2019,84.48590737
Eritrea,ERI,2008,0.47
Eritrea,ERI,2009,0.54
Eritrea,ERI,2010,0.61
Eritrea,ERI,2011,0.7
Eritrea,ERI,2012,0.8
Eritrea,ERI,2013,0.9
Eritrea,ERI,2014,0.99
Eritrea,ERI,2015,1.08373
Eritrea,ERI,2016,1.17712
Eritrea,ERI,2017,1.30891
Eritrea,ERI,2018,1.30891
Eritrea,ERI,2019,1.30891
Spain,ESP,2008,59.6
Spain,ESP,2009,62.4
Spain,ESP,2010,65.8
Spain,ESP,2011,67.09
Spain,ESP,2012,69.81
Spain,ESP,2013,71.635
Spain,ESP,2014,76.19
Spain,ESP,2015,78.6896
Spain,ESP,2016,80.5613
Spain,ESP,2017,84.6022
Spain,ESP,2018,86.1072
Spain,ESP,2019,90.7187
Estonia,EST,2008,70.58
Estonia,EST,2009,72.5
Estonia,EST,2010,74.1
Estonia,EST,2011,76.5
Estonia,EST,2012,78.3899
Estonia,EST,2013,80.0043
Estonia,EST,2014,84.2415
Estonia,EST,2015,88.4097
Estonia,EST,2016,87.2402
Estonia,EST,2017,88.1025
Estonia,EST,2018,89.357
Estonia,EST,2019,89.5323
Ethiopia,ETH,2008,0.45
Ethiopia,ETH,2009,0.54
Ethiopia,ETH,2010,0.75
Ethiopia,ETH,2011,1.1
Ethiopia,ETH,2012,2.9
Ethiopia,ETH,2013,4.6
Ethiopia,ETH,2014,7.7
Ethiopia,ETH,2015,13.8552
Ethiopia,ETH,2016,15.3669
Ethiopia,ETH,2017,18.6181
Ethiopia,ETH,2018,18.6181
Ethiopia,ETH,2019,18.6181
European Union,EUU,2008,62.25009477
European Union,EUU,2009,64.99283522
European Union,EUU,2010,68.69564215
European Union,EUU,2011,69.66178079
European Union,EUU,2012,71.85745386
European Union,EUU,2013,73.61036925
European Union,EUU,2014,75.18551031
European Union,EUU,2015,75.65458882
European Union,EUU,2016,76.9131938
European Union,EUU,2017,78.75560428
European Union,EUU,2018,82.39428255
European Union,EUU,2019,83.93164955
Fragile and conflict affected situations,FCS,2008,5.631980028
Fragile and conflict affected situations,FCS,2009,6.821931587
Fragile and conflict affected situations,FCS,2010,8.632993804
Fragile and conflict affected situations,FCS,2011,10.00874786
Fragile and conflict affected situations,FCS,2012,12.10489063
Fragile and conflict affected situations,FCS,2013,14.19283414
Fragile and conflict affected situations,FCS,2014,16.09302262
Fragile and conflict affected situations,FCS,2015,24.46774535
Fragile and conflict affected situations,FCS,2016,20.07842248
Fragile and conflict affected situations,FCS,2017,28.038547
Fragile and conflict affected situations,FCS,2018,27.93561457
Fragile and conflict affected situations,FCS,2019,27.87075345
Finland,FIN,2008,83.67
Finland,FIN,2009,82.49
Finland,FIN,2010,86.89
Finland,FIN,2011,88.71
Finland,FIN,2012,89.88
Finland,FIN,2013,91.5144
Finland,FIN,2014,86.5304
Finland,FIN,2015,86.4221
Finland,FIN,2016,87.7036
Finland,FIN,2017,87.4689
Finland,FIN,2018,88.89
Finland,FIN,2019,89.6074
Fiji,FJI,2008,13
Fiji,FJI,2009,17
Fiji,FJI,2010,20
Fiji,FJI,2011,28
Fiji,FJI,2012,33.7424
Fiji,FJI,2013,35.2
Fiji,FJI,2014,37.4
Fiji,FJI,2015,42.5
Fiji,FJI,2016,46.507
Fiji,FJI,2017,49.9664
Fiji,FJI,2018,49.9664
Fiji,FJI,2019,49.9664
France,FRA,2008,70.68
France,FRA,2009,71.58
France,FRA,2010,77.28
France,FRA,2011,77.82
France,FRA,2012,81.44
France,FRA,2013,81.9198
France,FRA,2014,83.75
France,FRA,2015,78.01
France,FRA,2016,79.2698
France,FRA,2017,80.5025
France,FRA,2018,82.0435
France,FRA,2019,83.3397
Faroe Islands,FRO,2008,75.57
Faroe Islands,FRO,2009,75.18
Faroe Islands,FRO,2010,75.2
Faroe Islands,FRO,2011,80.7322
Faroe Islands,FRO,2012,85.3352
Faroe Islands,FRO,2013,90
Faroe Islands,FRO,2014,93.3
Faroe Islands,FRO,2015,94.2
Faroe Islands,FRO,2016,95.1087
Faroe Islands,FRO,2017,97.582
Faroe Islands,FRO,2018,97.582
Faroe Islands,FRO,2019,97.582
"Micronesia, Fed. Sts.",FSM,2008,14.49
"Micronesia, Fed. Sts.",FSM,2009,15.35
"Micronesia, Fed. Sts.",FSM,2010,20
"Micronesia, Fed. Sts.",FSM,2011,22.8
"Micronesia, Fed. Sts.",FSM,2012,25.9744
"Micronesia, Fed. Sts.",FSM,2013,27.8
"Micronesia, Fed. Sts.",FSM,2014,29.65
"Micronesia, Fed. Sts.",FSM,2015,31.5011
"Micronesia, Fed. Sts.",FSM,2016,33.3522
"Micronesia, Fed. Sts.",FSM,2017,35.3041
"Micronesia, Fed. Sts.",FSM,2018,35.3041
"Micronesia, Fed. Sts.",FSM,2019,35.3041
Gabon,GAB,2008,7.5
Gabon,GAB,2009,9.5
Gabon,GAB,2010,13
Gabon,GAB,2011,18
Gabon,GAB,2012,24
Gabon,GAB,2013,30.538
Gabon,GAB,2014,38.0712
Gabon,GAB,2015,45.7845
Gabon,GAB,2016,48.0523
Gabon,GAB,2017,62
Gabon,GAB,2018,62
Gabon,GAB,2019,62
United Kingdom,GBR,2008,78.39
United Kingdom,GBR,2009,83.56
United Kingdom,GBR,2010,85
United Kingdom,GBR,2011,85.38
United Kingdom,GBR,2012,87.48
United Kingdom,GBR,2013,89.8441
United Kingdom,GBR,2014,91.61
United Kingdom,GBR,2015,92.0003
United Kingdom,GBR,2016,94.7758
United Kingdom,GBR,2017,94.62
United Kingdom,GBR,2018,94.8967
United Kingdom,GBR,2019,92.5166
Georgia,GEO,2008,10.01
Georgia,GEO,2009,20.07
Georgia,GEO,2010,26.9
Georgia,GEO,2011,31.52
Georgia,GEO,2012,36.94
Georgia,GEO,2013,43.3
Georgia,GEO,2014,44
Georgia,GEO,2015,47.5698
Georgia,GEO,2016,58.4593
Georgia,GEO,2017,59.7055
Georgia,GEO,2018,63.9686
Georgia,GEO,2019,68.8467
Ghana,GHA,2008,4.27
Ghana,GHA,2009,5.44
Ghana,GHA,2010,7.8
Ghana,GHA,2011,9
Ghana,GHA,2012,10.6
Ghana,GHA,2013,15
Ghana,GHA,2014,25.5177
Ghana,GHA,2015,25
Ghana,GHA,2016,34.666
Ghana,GHA,2017,39
Ghana,GHA,2018,39
Ghana,GHA,2019,39
Gibraltar,GIB,2008,58
Gibraltar,GIB,2009,65.07
Gibraltar,GIB,2010,65
Gibraltar,GIB,2011,65
Gibraltar,GIB,2012,65.017
Gibraltar,GIB,2013,65.017
Gibraltar,GIB,2014,65.017
Gibraltar,GIB,2015,65.017
Gibraltar,GIB,2016,94.4445
Gibraltar,GIB,2017,94.4445
Gibraltar,GIB,2018,94.4445
Gibraltar,GIB,2019,94.4445
Guinea,GIN,2008,0.92
Guinea,GIN,2009,0.94
Guinea,GIN,2010,1
Guinea,GIN,2011,2
Guinea,GIN,2012,3.1
Guinea,GIN,2013,4.5
Guinea,GIN,2014,6.4
Guinea,GIN,2015,8.2
Guinea,GIN,2016,9.8
Guinea,GIN,2017,18
Guinea,GIN,2018,18
Guinea,GIN,2019,18
"Gambia, The",GMB,2008,6.88
"Gambia, The",GMB,2009,7.63
"Gambia, The",GMB,2010,9.2
"Gambia, The",GMB,2011,10.8703
"Gambia, The",GMB,2012,12.4492
"Gambia, The",GMB,2013,14
"Gambia, The",GMB,2014,15.56
"Gambia, The",GMB,2015,16.5
"Gambia, The",GMB,2016,18.5
"Gambia, The",GMB,2017,19.8365
"Gambia, The",GMB,2018,19.8365
"Gambia, The",GMB,2019,19.8365
Guinea-Bissau,GNB,2008,2.35489
Guinea-Bissau,GNB,2009,2.30328
Guinea-Bissau,GNB,2010,2.45
Guinea-Bissau,GNB,2011,2.672
Guinea-Bissau,GNB,2012,2.89399
Guinea-Bissau,GNB,2013,3.1
Guinea-Bissau,GNB,2014,3.32
Guinea-Bissau,GNB,2015,3.54071
Guinea-Bissau,GNB,2016,3.76141
Guinea-Bissau,GNB,2017,3.93051
Guinea-Bissau,GNB,2018,3.93051
Guinea-Bissau,GNB,2019,3.93051
Equatorial Guinea,GNQ,2008,1.82
Equatorial Guinea,GNQ,2009,2.13
Equatorial Guinea,GNQ,2010,6
Equatorial Guinea,GNQ,2011,11.5
Equatorial Guinea,GNQ,2012,13.9432
Equatorial Guinea,GNQ,2013,16.4
Equatorial Guinea,GNQ,2014,18.86
Equatorial Guinea,GNQ,2015,21.32
Equatorial Guinea,GNQ,2016,23.78
Equatorial Guinea,GNQ,2017,26.24
Equatorial Guinea,GNQ,2018,26.24
Equatorial Guinea,GNQ,2019,26.24
Greece,GRC,2008,38.2
Greece,GRC,2009,42.4
Greece,GRC,2010,44.4
Greece,GRC,2011,51.65
Greece,GRC,2012,55.07
Greece,GRC,2013,59.8663
Greece,GRC,2014,63.21
Greece,GRC,2015,66.835
Greece,GRC,2016,69.0879
Greece,GRC,2017,70.5494
Greece,GRC,2018,72.9521
Greece,GRC,2019,75.6712
Grenada,GRD,2008,23.18
Grenada,GRD,2009,24.05
Grenada,GRD,2010,27
Grenada,GRD,2011,30
Grenada,GRD,2012,32
Grenada,GRD,2013,35
Grenada,GRD,2014,51.6
Grenada,GRD,2015,53.81
Grenada,GRD,2016,55.8564
Grenada,GRD,2017,59.0717
Grenada,GRD,2018,59.0717
Grenada,GRD,2019,59.0717
Greenland,GRL,2008,62.82
Greenland,GRL,2009,62.83
Greenland,GRL,2010,63
Greenland,GRL,2011,64
Greenland,GRL,2012,64.896
Greenland,GRL,2013,65.8
Greenland,GRL,2014,66.7
Greenland,GRL,2015,67.6004
Greenland,GRL,2016,68.5009
Greenland,GRL,2017,69.4825
Greenland,GRL,2018,69.4825
Greenland,GRL,2019,69.4825
Guatemala,GTM,2008,8.3
Guatemala,GTM,2009,9.3
Guatemala,GTM,2010,10.5
Guatemala,GTM,2011,12.3
Guatemala,GTM,2012,16
Guatemala,GTM,2013,19.7
Guatemala,GTM,2014,23.4
Guatemala,GTM,2015,28.8059
Guatemala,GTM,2016,34.5093
Guatemala,GTM,2017,65
Guatemala,GTM,2018,65
Guatemala,GTM,2019,65
Guam,GUM,2008,48.4187
Guam,GUM,2009,50.642
Guam,GUM,2010,54.04
Guam,GUM,2011,57.7
Guam,GUM,2012,61.5342
Guam,GUM,2013,65.4
Guam,GUM,2014,69.27
Guam,GUM,2015,73.14
Guam,GUM,2016,77.01
Guam,GUM,2017,80.5055
Guam,GUM,2018,80.5055
Guam,GUM,2019,80.5055
Guyana,GUY,2008,18.2
Guyana,GUY,2009,23.9
Guyana,GUY,2010,29.9
Guyana,GUY,2011,30
Guyana,GUY,2012,30.5
Guyana,GUY,2013,31
Guyana,GUY,2014,32
Guyana,GUY,2015,34
Guyana,GUY,2016,35.66
Guyana,GUY,2017,37.3258
Guyana,GUY,2018,37.3258
Guyana,GUY,2019,37.3258
High income,HIC,2008,68.09176152
High income,HIC,2009,69.40484048
High income,HIC,2010,71.53907212
High income,HIC,2011,72.10233146
High income,HIC,2012,74.84521527
High income,HIC,2013,76.25964987
High income,HIC,2014,77.93758364
High income,HIC,2015,79.37172892
High income,HIC,2016,83.73016619
High income,HIC,2017,84.64329511
High income,HIC,2018,86.37570526
High income,HIC,2019,86.98208181
"Hong Kong SAR, China",HKG,2008,66.7
"Hong Kong SAR, China",HKG,2009,69.4
"Hong Kong SAR, China",HKG,2010,72
"Hong Kong SAR, China",HKG,2011,72.2
"Hong Kong SAR, China",HKG,2012,72.9
"Hong Kong SAR, China",HKG,2013,74.2
"Hong Kong SAR, China",HKG,2014,79.8663
"Hong Kong SAR, China",HKG,2015,84.9484
"Hong Kong SAR, China",HKG,2016,87.4794
"Hong Kong SAR, China",HKG,2017,89.4159
"Hong Kong SAR, China",HKG,2018,89.4159
"Hong Kong SAR, China",HKG,2019,91.7434
Honduras,HND,2008,9.6
Honduras,HND,2009,9.8
Honduras,HND,2010,11.09
Honduras,HND,2011,15.9
Honduras,HND,2012,18.12
Honduras,HND,2013,17.8
Honduras,HND,2014,19.08
Honduras,HND,2015,27.1
Honduras,HND,2016,29.5
Honduras,HND,2017,31.7
Honduras,HND,2018,31.7
Honduras,HND,2019,31.7
Heavily indebted poor countries (HIPC),HPC,2008,2.94211907
Heavily indebted poor countries (HIPC),HPC,2009,3.512455995
Heavily indebted poor countries (HIPC),HPC,2010,4.662291615
Heavily indebted poor countries (HIPC),HPC,2011,5.338314247
Heavily indebted poor countries (HIPC),HPC,2012,6.608326546
Heavily indebted poor countries (HIPC),HPC,2013,8.07053559
Heavily indebted poor countries (HIPC),HPC,2014,10.40152413
Heavily indebted poor countries (HIPC),HPC,2015,14.6433585
Heavily indebted poor countries (HIPC),HPC,2016,15.35069562
Heavily indebted poor countries (HIPC),HPC,2017,19.35284418
Heavily indebted poor countries (HIPC),HPC,2018,19.27454262
Heavily indebted poor countries (HIPC),HPC,2019,18.91825542
Croatia,HRV,2008,44.24
Croatia,HRV,2009,50.58
Croatia,HRV,2010,56.55
Croatia,HRV,2011,57.79
Croatia,HRV,2012,61.94
Croatia,HRV,2013,66.7476
Croatia,HRV,2014,68.57
Croatia,HRV,2015,69.8031
Croatia,HRV,2016,72.6973
Croatia,HRV,2017,67.0962
Croatia,HRV,2018,72.6888
Croatia,HRV,2019,79.0798
Haiti,HTI,2008,7.6
Haiti,HTI,2009,8.1
Haiti,HTI,2010,8.37
Haiti,HTI,2011,9
Haiti,HTI,2012,9.8
Haiti,HTI,2013,10.6
Haiti,HTI,2014,11.4
Haiti,HTI,2015,12.1977
Haiti,HTI,2016,12.2326
Haiti,HTI,2017,12.3261
Haiti,HTI,2018,32.4736
Haiti,HTI,2019,32.4736
Hungary,HUN,2008,61
Hungary,HUN,2009,62
Hungary,HUN,2010,65
Hungary,HUN,2011,68.02
Hungary,HUN,2012,70.58
Hungary,HUN,2013,72.6439
Hungary,HUN,2014,75.6532
Hungary,HUN,2015,72.8347
Hungary,HUN,2016,79.2594
Hungary,HUN,2017,76.7505
Hungary,HUN,2018,76.0744
Hungary,HUN,2019,80.3717
IBRD only,IBD,2008,16.95566016
IBRD only,IBD,2009,20.29843338
IBRD only,IBD,2010,24.82664159
IBRD only,IBD,2011,28.31640381
IBRD only,IBD,2012,32.07655462
IBRD only,IBD,2013,35.17767672
IBRD only,IBD,2014,38.87623672
IBRD only,IBD,2015,40.03735122
IBRD only,IBD,2016,43.92416154
IBRD only,IBD,2017,50.17124931
IBRD only,IBD,2018,51.57265098
IBRD only,IBD,2019,52.47019128
IDA & IBRD total,IBT,2008,14.06092153
IDA & IBRD total,IBT,2009,16.77383576
IDA & IBRD total,IBT,2010,20.53003441
IDA & IBRD total,IBT,2011,23.40483891
IDA & IBRD total,IBT,2012,26.5767779
IDA & IBRD total,IBT,2013,29.27599365
IDA & IBRD total,IBT,2014,32.72053959
IDA & IBRD total,IBT,2015,34.69277515
IDA & IBRD total,IBT,2016,37.52180479
IDA & IBRD total,IBT,2017,43.32494287
IDA & IBRD total,IBT,2018,44.29824467
IDA & IBRD total,IBT,2019,44.88313435
IDA total,IDA,2008,4.337520156
IDA total,IDA,2009,5.088536227
IDA total,IDA,2010,6.368084444
IDA total,IDA,2011,7.416618403
IDA total,IDA,2012,8.892887601
IDA total,IDA,2013,10.66513877
IDA total,IDA,2014,13.56010018
IDA total,IDA,2015,18.26695075
IDA total,IDA,2016,18.10220107
IDA total,IDA,2017,22.85996864
IDA total,IDA,2018,22.82640097
IDA total,IDA,2019,22.80180909
IDA blend,IDB,2008,6.963127305
IDA blend,IDB,2009,7.932915141
IDA blend,IDB,2010,9.351824164
IDA blend,IDB,2011,10.98573758
IDA blend,IDB,2012,12.89347216
IDA blend,IDB,2013,14.99697145
IDA blend,IDB,2014,17.31194311
IDA blend,IDB,2015,24.26261781
IDA blend,IDB,2016,20.40517356
IDA blend,IDB,2017,28.02556159
IDA blend,IDB,2018,28.0411957
IDA blend,IDB,2019,29.10270533
Indonesia,IDN,2008,7.91748
Indonesia,IDN,2009,6.92
Indonesia,IDN,2010,10.92
Indonesia,IDN,2011,12.28
Indonesia,IDN,2012,14.52
Indonesia,IDN,2013,14.94
Indonesia,IDN,2014,17.14
Indonesia,IDN,2015,21.9761
Indonesia,IDN,2016,25.4474
Indonesia,IDN,2017,32.2924
Indonesia,IDN,2018,39.7875
Indonesia,IDN,2019,47.6906
IDA only,IDX,2008,3.02124738
IDA only,IDX,2009,3.661091837
IDA only,IDX,2010,4.85292462
IDA only,IDX,2011,5.601299353
IDA only,IDX,2012,6.85464583
IDA only,IDX,2013,8.478108565
IDA only,IDX,2014,11.66317978
IDA only,IDX,2015,15.23222701
IDA only,IDX,2016,16.93567077
IDA only,IDX,2017,20.24685667
IDA only,IDX,2018,20.18365272
IDA only,IDX,2019,19.6096644
Isle of Man,IMN,2008,0
Isle of Man,IMN,2009,0
Isle of Man,IMN,2010,0
Isle of Man,IMN,2011,0
Isle of Man,IMN,2012,0
Isle of Man,IMN,2013,0
Isle of Man,IMN,2014,0
Isle of Man,IMN,2015,0
Isle of Man,IMN,2016,0
Isle of Man,IMN,2017,0
Isle of Man,IMN,2018,0
Isle of Man,IMN,2019,0
India,IND,2008,4.38
India,IND,2009,5.12
India,IND,2010,7.5
India,IND,2011,10.07
India,IND,2012,12.5801
India,IND,2013,15.1
India,IND,2014,21
India,IND,2015,17
India,IND,2016,22
India,IND,2017,34.45
India,IND,2018,34.45
India,IND,2019,34.45
Not classified,INX,2008,0
Not classified,INX,2009,0
Not classified,INX,2010,0
Not classified,INX,2011,0
Not classified,INX,2012,0
Not classified,INX,2013,0
Not classified,INX,2014,0
Not classified,INX,2015,0
Not classified,INX,2016,0
Not classified,INX,2017,0
Not classified,INX,2018,0
Not classified,INX,2019,0
Ireland,IRL,2008,65.34
Ireland,IRL,2009,67.38
Ireland,IRL,2010,69.85
Ireland,IRL,2011,74.89
Ireland,IRL,2012,76.92
Ireland,IRL,2013,78.2477
Ireland,IRL,2014,83.4917
Ireland,IRL,2015,83.4948
Ireland,IRL,2016,85.0111
Ireland,IRL,2017,84.114
Ireland,IRL,2018,84.5223
Ireland,IRL,2019,84.5223
"Iran, Islamic Rep.",IRN,2008,12.02
"Iran, Islamic Rep.",IRN,2009,13.8
"Iran, Islamic Rep.",IRN,2010,15.9
"Iran, Islamic Rep.",IRN,2011,19
"Iran, Islamic Rep.",IRN,2012,22.73
"Iran, Islamic Rep.",IRN,2013,29.95
"Iran, Islamic Rep.",IRN,2014,39.35
"Iran, Islamic Rep.",IRN,2015,45.335
"Iran, Islamic Rep.",IRN,2016,53.2268
"Iran, Islamic Rep.",IRN,2017,64.044
"Iran, Islamic Rep.",IRN,2018,70.0046
"Iran, Islamic Rep.",IRN,2019,70.0046
Iraq,IRQ,2008,1
Iraq,IRQ,2009,1.06
Iraq,IRQ,2010,2.5
Iraq,IRQ,2011,5
Iraq,IRQ,2012,7.1
Iraq,IRQ,2013,9.2
Iraq,IRQ,2014,13.21
Iraq,IRQ,2015,58
Iraq,IRQ,2016,21.23
Iraq,IRQ,2017,49.36
Iraq,IRQ,2018,49.36
Iraq,IRQ,2019,49.36
Iceland,ISL,2008,91
Iceland,ISL,2009,93
Iceland,ISL,2010,93.39
Iceland,ISL,2011,94.8197
Iceland,ISL,2012,96.2098
Iceland,ISL,2013,96.5468
Iceland,ISL,2014,98.16
Iceland,ISL,2015,98.2
Iceland,ISL,2016,98.24
Iceland,ISL,2017,98.26
Iceland,ISL,2018,99.011
Iceland,ISL,2019,99.011
Israel,ISR,2008,59.39
Israel,ISR,2009,63.12
Israel,ISR,2010,67.5
Israel,ISR,2011,68.8739
Israel,ISR,2012,70.8
Israel,ISR,2013,70.2503
Israel,ISR,2014,75.0178
Israel,ISR,2015,77.3521
Israel,ISR,2016,79.6531
Israel,ISR,2017,81.5812
Israel,ISR,2018,81.5812
Israel,ISR,2019,86.7879
Italy,ITA,2008,44.53
Italy,ITA,2009,48.83
Italy,ITA,2010,53.68
Italy,ITA,2011,54.39
Italy,ITA,2012,55.83
Italy,ITA,2013,58.4593
Italy,ITA,2014,55.6385
Italy,ITA,2015,58.1417
Italy,ITA,2016,61.3243
Italy,ITA,2017,63.0773
Italy,ITA,2018,74.3872
Italy,ITA,2019,74.3872
Jamaica,JAM,2008,23.6
Jamaica,JAM,2009,24.3
Jamaica,JAM,2010,27.67
Jamaica,JAM,2011,37.4386
Jamaica,JAM,2012,33.79
Jamaica,JAM,2013,37.1
Jamaica,JAM,2014,40.4027
Jamaica,JAM,2015,42.2212
Jamaica,JAM,2016,44.3669
Jamaica,JAM,2017,55.0721
Jamaica,JAM,2018,55.0721
Jamaica,JAM,2019,55.0721
Jordan,JOR,2008,23
Jordan,JOR,2009,26
Jordan,JOR,2010,27.2
Jordan,JOR,2011,34.9
Jordan,JOR,2012,37
Jordan,JOR,2013,41.4
Jordan,JOR,2014,46.2
Jordan,JOR,2015,60.1144
Jordan,JOR,2016,62.3022
Jordan,JOR,2017,66.7903
Jordan,JOR,2018,66.7903
Jordan,JOR,2019,66.7903
Japan,JPN,2008,75.4
Japan,JPN,2009,78
Japan,JPN,2010,78.21
Japan,JPN,2011,79.0541
Japan,JPN,2012,79.4964
Japan,JPN,2013,88.2194
Japan,JPN,2014,89.1068
Japan,JPN,2015,91.058
Japan,JPN,2016,93.1827
Japan,JPN,2017,84.5881
Japan,JPN,2018,84.5881
Japan,JPN,2019,84.5881
Kazakhstan,KAZ,2008,11
Kazakhstan,KAZ,2009,18.2
Kazakhstan,KAZ,2010,31.6
Kazakhstan,KAZ,2011,50.6
Kazakhstan,KAZ,2012,61.9066
Kazakhstan,KAZ,2013,63.3042
Kazakhstan,KAZ,2014,66
Kazakhstan,KAZ,2015,70.8299
Kazakhstan,KAZ,2016,74.5877
Kazakhstan,KAZ,2017,76.4267
Kazakhstan,KAZ,2018,78.9039
Kazakhstan,KAZ,2019,81.8776
Kenya,KEN,2008,5.2
Kenya,KEN,2009,6.1
Kenya,KEN,2010,7.2
Kenya,KEN,2011,8.8
Kenya,KEN,2012,10.5
Kenya,KEN,2013,13
Kenya,KEN,2014,16.5
Kenya,KEN,2015,16.5879
Kenya,KEN,2016,16.6
Kenya,KEN,2017,17.8271
Kenya,KEN,2018,17.8271
Kenya,KEN,2019,22.5651
Kyrgyz Republic,KGZ,2008,15.7
Kyrgyz Republic,KGZ,2009,16
Kyrgyz Republic,KGZ,2010,16.3
Kyrgyz Republic,KGZ,2011,17.5
Kyrgyz Republic,KGZ,2012,19.8
Kyrgyz Republic,KGZ,2013,23
Kyrgyz Republic,KGZ,2014,28.3
Kyrgyz Republic,KGZ,2015,30.247
Kyrgyz Republic,KGZ,2016,37
Kyrgyz Republic,KGZ,2017,38
Kyrgyz Republic,KGZ,2018,38
Kyrgyz Republic,KGZ,2019,38
Cambodia,KHM,2008,0.51
Cambodia,KHM,2009,0.53
Cambodia,KHM,2010,1.26
Cambodia,KHM,2011,3.1
Cambodia,KHM,2012,4.94
Cambodia,KHM,2013,6.8
Cambodia,KHM,2014,14
Cambodia,KHM,2015,6.43319
Cambodia,KHM,2016,32.3985
Cambodia,KHM,2017,32.4469
Cambodia,KHM,2018,40
Cambodia,KHM,2019,40
Kiribati,KIR,2008,7
Kiribati,KIR,2009,8.97
Kiribati,KIR,2010,9.07
Kiribati,KIR,2011,10
Kiribati,KIR,2012,10.7468
Kiribati,KIR,2013,11.5
Kiribati,KIR,2014,12.25
Kiribati,KIR,2015,12.9975
Kiribati,KIR,2016,13.7
Kiribati,KIR,2017,14.5818
Kiribati,KIR,2018,14.5818
Kiribati,KIR,2019,14.5818
St. Kitts and Nevis,KNA,2008,49.2
St. Kitts and Nevis,KNA,2009,55.7
St. Kitts and Nevis,KNA,2010,63
St. Kitts and Nevis,KNA,2011,63.2
St. Kitts and Nevis,KNA,2012,64
St. Kitts and Nevis,KNA,2013,64.6
St. Kitts and Nevis,KNA,2014,68
St. Kitts and Nevis,KNA,2015,75.7
St. Kitts and Nevis,KNA,2016,76.8177
St. Kitts and Nevis,KNA,2017,80.7102
St. Kitts and Nevis,KNA,2018,80.7102
St. Kitts and Nevis,KNA,2019,80.7102
"Korea, Rep.",KOR,2008,81
"Korea, Rep.",KOR,2009,81.6
"Korea, Rep.",KOR,2010,83.7
"Korea, Rep.",KOR,2011,83.7591
"Korea, Rep.",KOR,2012,84.07
"Korea, Rep.",KOR,2013,84.77
"Korea, Rep.",KOR,2014,87.5568
"Korea, Rep.",KOR,2015,89.9
"Korea, Rep.",KOR,2016,92.843
"Korea, Rep.",KOR,2017,95.0694
"Korea, Rep.",KOR,2018,95.8983
"Korea, Rep.",KOR,2019,96.1576
Kuwait,KWT,2008,42
Kuwait,KWT,2009,50.8
Kuwait,KWT,2010,61.4
Kuwait,KWT,2011,65.7691
Kuwait,KWT,2012,70.45
Kuwait,KWT,2013,75.46
Kuwait,KWT,2014,78.7
Kuwait,KWT,2015,72
Kuwait,KWT,2016,78.3674
Kuwait,KWT,2017,100
Kuwait,KWT,2018,99.6
Kuwait,KWT,2019,99.5427
Latin America & Caribbean (excluding high income),LAC,2008,25.93090695
Latin America & Caribbean (excluding high income),LAC,2009,30.47105626
Latin America & Caribbean (excluding high income),LAC,2010,34.15003527
Latin America & Caribbean (excluding high income),LAC,2011,38.71842358
Latin America & Caribbean (excluding high income),LAC,2012,42.51234378
Latin America & Caribbean (excluding high income),LAC,2013,45.60772162
Latin America & Caribbean (excluding high income),LAC,2014,48.09442031
Latin America & Caribbean (excluding high income),LAC,2015,53.79045243
Latin America & Caribbean (excluding high income),LAC,2016,56.3874494
Latin America & Caribbean (excluding high income),LAC,2017,62.53342287
Latin America & Caribbean (excluding high income),LAC,2018,63.6659604
Latin America & Caribbean (excluding high income),LAC,2019,65.33932595
Lao PDR,LAO,2008,3.55
Lao PDR,LAO,2009,6
Lao PDR,LAO,2010,7
Lao PDR,LAO,2011,9
Lao PDR,LAO,2012,10.7477
Lao PDR,LAO,2013,12.5
Lao PDR,LAO,2014,14.26
Lao PDR,LAO,2015,18.2
Lao PDR,LAO,2016,21.87
Lao PDR,LAO,2017,25.5104
Lao PDR,LAO,2018,25.5104
Lao PDR,LAO,2019,25.5104
Lebanon,LBN,2008,22.53
Lebanon,LBN,2009,30.14
Lebanon,LBN,2010,43.68
Lebanon,LBN,2011,52
Lebanon,LBN,2012,61.2498
Lebanon,LBN,2013,70.5
Lebanon,LBN,2014,73
Lebanon,LBN,2015,74
Lebanon,LBN,2016,76.11
Lebanon,LBN,2017,78.1808
Lebanon,LBN,2018,78.1808
Lebanon,LBN,2019,78.1808
Liberia,LBR,2008,0.53
Liberia,LBR,2009,2
Liberia,LBR,2010,2.3
Liberia,LBR,2011,2.5
Liberia,LBR,2012,2.6
Liberia,LBR,2013,3.2
Liberia,LBR,2014,5.41
Liberia,LBR,2015,33
Liberia,LBR,2016,7.31911
Liberia,LBR,2017,7.98448
Liberia,LBR,2018,7.98448
Liberia,LBR,2019,7.98448
Libya,LBY,2008,9
Libya,LBY,2009,10.8
Libya,LBY,2010,14
Libya,LBY,2011,14
Libya,LBY,2012,14
Libya,LBY,2013,16.5
Libya,LBY,2014,17.76
Libya,LBY,2015,19.0161
Libya,LBY,2016,20.2722
Libya,LBY,2017,21.7589
Libya,LBY,2018,21.7589
Libya,LBY,2019,21.7589
St. Lucia,LCA,2008,30
St. Lucia,LCA,2009,31
St. Lucia,LCA,2010,32.5
St. Lucia,LCA,2011,34
St. Lucia,LCA,2012,34.82
St. Lucia,LCA,2013,36
St. Lucia,LCA,2014,39.7
St. Lucia,LCA,2015,42.5309
St. Lucia,LCA,2016,46.7291
St. Lucia,LCA,2017,50.8152
St. Lucia,LCA,2018,50.8152
St. Lucia,LCA,2019,50.8152
Latin America & Caribbean,LCN,2008,26.51404217
Latin America & Caribbean,LCN,2009,31.03929555
Latin America & Caribbean,LCN,2010,34.70214119
Latin America & Caribbean,LCN,2011,39.33849013
Latin America & Caribbean,LCN,2012,43.16289342
Latin America & Caribbean,LCN,2013,46.23692452
Latin America & Caribbean,LCN,2014,48.72078945
Latin America & Caribbean,LCN,2015,54.61535508
Latin America & Caribbean,LCN,2016,57.35459106
Latin America & Caribbean,LCN,2017,63.21821957
Latin America & Caribbean,LCN,2018,64.29410918
Latin America & Caribbean,LCN,2019,65.96880349
Least developed countries: UN classification,LDC,2008,2.45242223
Least developed countries: UN classification,LDC,2009,3.000023106
Least developed countries: UN classification,LDC,2010,4.077206023
Least developed countries: UN classification,LDC,2011,4.74852862
Least developed countries: UN classification,LDC,2012,6.013219235
Least developed countries: UN classification,LDC,2013,7.48580317
Least developed countries: UN classification,LDC,2014,10.71200187
Least developed countries: UN classification,LDC,2015,13.70016221
Least developed countries: UN classification,LDC,2016,15.06093437
Least developed countries: UN classification,LDC,2017,18.24970467
Least developed countries: UN classification,LDC,2018,18.23371492
Least developed countries: UN classification,LDC,2019,17.88022199
Low income,LIC,2008,3.062155523
Low income,LIC,2009,3.761230295
Low income,LIC,2010,4.895254187
Low income,LIC,2011,5.440610348
Low income,LIC,2012,6.564706218
Low income,LIC,2013,7.635081638
Low income,LIC,2014,9.096126899
Low income,LIC,2015,11.72792354
Low income,LIC,2016,12.34852138
Low income,LIC,2017,15.14374084
Low income,LIC,2018,15.93428083
Low income,LIC,2019,15.30218852
Liechtenstein,LIE,2008,70
Liechtenstein,LIE,2009,75
Liechtenstein,LIE,2010,80
Liechtenstein,LIE,2011,85
Liechtenstein,LIE,2012,89.4077
Liechtenstein,LIE,2013,93.8
Liechtenstein,LIE,2014,95.21
Liechtenstein,LIE,2015,96.6412
Liechtenstein,LIE,2016,98.0939
Liechtenstein,LIE,2017,98.1
Liechtenstein,LIE,2018,98.1
Liechtenstein,LIE,2019,98.1
Sri Lanka,LKA,2008,5.8
Sri Lanka,LKA,2009,8.78
Sri Lanka,LKA,2010,12
Sri Lanka,LKA,2011,15
Sri Lanka,LKA,2012,18.2854
Sri Lanka,LKA,2013,21.9
Sri Lanka,LKA,2014,25.8
Sri Lanka,LKA,2015,12.1
Sri Lanka,LKA,2016,16.4
Sri Lanka,LKA,2017,34.1133
Sri Lanka,LKA,2018,34.1133
Sri Lanka,LKA,2019,34.1133
Lower middle income,LMC,2008,6.533399583
Lower middle income,LMC,2009,7.738947348
Lower middle income,LMC,2010,10.44711527
Lower middle income,LMC,2011,12.70133253
Lower middle income,LMC,2012,15.19794826
Lower middle income,LMC,2013,18.01126145
Lower middle income,LMC,2014,22.74474805
Lower middle income,LMC,2015,22.62276402
Lower middle income,LMC,2016,26.11314158
Lower middle income,LMC,2017,34.93648072
Lower middle income,LMC,2018,35.59162066
Lower middle income,LMC,2019,35.40544241
Low & middle income,LMY,2008,13.54320094
Low & middle income,LMY,2009,16.21555717
Low & middle income,LMY,2010,19.96276281
Low & middle income,LMY,2011,22.84426612
Low & middle income,LMY,2012,26.0260626
Low & middle income,LMY,2013,28.73525074
Low & middle income,LMY,2014,32.16904772
Low & middle income,LMY,2015,34.11323503
Low & middle income,LMY,2016,36.91303782
Low & middle income,LMY,2017,42.76864173
Low & middle income,LMY,2018,43.89458049
Low & middle income,LMY,2019,44.26411887
Lesotho,LSO,2008,3.58
Lesotho,LSO,2009,3.72
Lesotho,LSO,2010,3.86
Lesotho,LSO,2011,7
Lesotho,LSO,2012,10
Lesotho,LSO,2013,15
Lesotho,LSO,2014,22
Lesotho,LSO,2015,25
Lesotho,LSO,2016,27.36
Lesotho,LSO,2017,29
Lesotho,LSO,2018,29
Lesotho,LSO,2019,29
Late-demographic dividend,LTE,2008,25.19709902
Late-demographic dividend,LTE,2009,30.60053508
Late-demographic dividend,LTE,2010,36.03743565
Late-demographic dividend,LTE,2011,40.05054121
Late-demographic dividend,LTE,2012,44.71076598
Late-demographic dividend,LTE,2013,47.83808367
Late-demographic dividend,LTE,2014,50.38284389
Late-demographic dividend,LTE,2015,52.78869031
Late-demographic dividend,LTE,2016,56.12965603
Late-demographic dividend,LTE,2017,58.59186072
Late-demographic dividend,LTE,2018,60.40166859
Late-demographic dividend,LTE,2019,60.62774492
Lithuania,LTU,2008,55.22
Lithuania,LTU,2009,59.76
Lithuania,LTU,2010,62.12
Lithuania,LTU,2011,63.64
Lithuania,LTU,2012,67.23
Lithuania,LTU,2013,68.4529
Lithuania,LTU,2014,72.13
Lithuania,LTU,2015,71.378
Lithuania,LTU,2016,74.3766
Lithuania,LTU,2017,77.6153
Lithuania,LTU,2018,79.7226
Lithuania,LTU,2019,81.5819
Luxembourg,LUX,2008,82.23
Luxembourg,LUX,2009,87.31
Luxembourg,LUX,2010,90.62
Luxembourg,LUX,2011,90.0299
Luxembourg,LUX,2012,91.9499
Luxembourg,LUX,2013,93.7765
Luxembourg,LUX,2014,94.67
Luxembourg,LUX,2015,96.38
Luxembourg,LUX,2016,98.1367
Luxembourg,LUX,2017,97.363
Luxembourg,LUX,2018,97.0613
Luxembourg,LUX,2019,97.0613
Latvia,LVA,2008,63.41
Latvia,LVA,2009,66.84
Latvia,LVA,2010,68.42
Latvia,LVA,2011,69.75
Latvia,LVA,2012,73.1199
Latvia,LVA,2013,75.2344
Latvia,LVA,2014,75.83
Latvia,LVA,2015,79.2006
Latvia,LVA,2016,79.8421
Latvia,LVA,2017,80.1141
Latvia,LVA,2018,83.5772
Latvia,LVA,2019,86.1355
"Macao SAR, China",MAC,2008,49.24
"Macao SAR, China",MAC,2009,54
"Macao SAR, China",MAC,2010,55.198
"Macao SAR, China",MAC,2011,60.2037
"Macao SAR, China",MAC,2012,61.31
"Macao SAR, China",MAC,2013,65.8
"Macao SAR, China",MAC,2014,69.78
"Macao SAR, China",MAC,2015,77.6001
"Macao SAR, China",MAC,2016,81.643
"Macao SAR, China",MAC,2017,83.1741
"Macao SAR, China",MAC,2018,83.7941
"Macao SAR, China",MAC,2019,86.4679
St. Martin (French part),MAF,2008,0
St. Martin (French part),MAF,2009,0
St. Martin (French part),MAF,2010,0
St. Martin (French part),MAF,2011,0
St. Martin (French part),MAF,2012,0
St. Martin (French part),MAF,2013,0
St. Martin (French part),MAF,2014,0
St. Martin (French part),MAF,2015,0
St. Martin (French part),MAF,2016,0
St. Martin (French part),MAF,2017,0
St. Martin (French part),MAF,2018,0
St. Martin (French part),MAF,2019,0
Morocco,MAR,2008,33.1
Morocco,MAR,2009,41.3
Morocco,MAR,2010,52
Morocco,MAR,2011,46.1075
Morocco,MAR,2012,55.4161
Morocco,MAR,2013,56
Morocco,MAR,2014,56.8
Morocco,MAR,2015,57.08
Morocco,MAR,2016,58.2712
Morocco,MAR,2017,61.7622
Morocco,MAR,2018,64.8039
Morocco,MAR,2019,74.3763
Monaco,MCO,2008,67.25
Monaco,MCO,2009,70.1
Monaco,MCO,2010,75
Monaco,MCO,2011,80.3
Monaco,MCO,2012,87
Monaco,MCO,2013,90.7
Monaco,MCO,2014,92.4
Monaco,MCO,2015,93.3633
Monaco,MCO,2016,95.2082
Monaco,MCO,2017,97.053
Monaco,MCO,2018,97.053
Monaco,MCO,2019,97.053
Moldova,MDA,2008,23.39
Moldova,MDA,2009,27.5
Moldova,MDA,2010,32.3
Moldova,MDA,2011,38
Moldova,MDA,2012,43.37
Moldova,MDA,2013,60
Moldova,MDA,2014,67
Moldova,MDA,2015,69
Moldova,MDA,2016,71
Moldova,MDA,2017,76.1245
Moldova,MDA,2018,76.1245
Moldova,MDA,2019,76.1245
Madagascar,MDG,2008,1.65
Madagascar,MDG,2009,1.63
Madagascar,MDG,2010,1.7
Madagascar,MDG,2011,1.9
Madagascar,MDG,2012,2.3
Madagascar,MDG,2013,3
Madagascar,MDG,2014,3.7
Madagascar,MDG,2015,4.17397
Madagascar,MDG,2016,4.71366
Madagascar,MDG,2017,9.8
Madagascar,MDG,2018,9.8
Madagascar,MDG,2019,9.8
Maldives,MDV,2008,23.2
Maldives,MDV,2009,24.8
Maldives,MDV,2010,26.53
Maldives,MDV,2011,34
Maldives,MDV,2012,38.9301
Maldives,MDV,2013,44.1
Maldives,MDV,2014,49.28
Maldives,MDV,2015,54.462
Maldives,MDV,2016,59.0926
Maldives,MDV,2017,63.1857
Maldives,MDV,2018,63.1857
Maldives,MDV,2019,63.1857
Middle East & North Africa,MEA,2008,18.83848775
Middle East & North Africa,MEA,2009,21.73891308
Middle East & North Africa,MEA,2010,25.03272652
Middle East & North Africa,MEA,2011,28.0057785
Middle East & North Africa,MEA,2012,31.52274634
Middle East & North Africa,MEA,2013,35.50872854
Middle East & North Africa,MEA,2014,40.40002138
Middle East & North Africa,MEA,2015,47.92011294
Middle East & North Africa,MEA,2016,48.49470035
Middle East & North Africa,MEA,2017,56.21577228
Middle East & North Africa,MEA,2018,60.01488073
Middle East & North Africa,MEA,2019,63.58644219
Mexico,MEX,2008,21.71
Mexico,MEX,2009,26.34
Mexico,MEX,2010,31.05
Mexico,MEX,2011,37.1763
Mexico,MEX,2012,39.75
Mexico,MEX,2013,43.46
Mexico,MEX,2014,44.39
Mexico,MEX,2015,57.431
Mexico,MEX,2016,59.5404
Mexico,MEX,2017,63.8522
Mexico,MEX,2018,65.7726
Mexico,MEX,2019,70.0699
Marshall Islands,MHL,2008,4.6
Marshall Islands,MHL,2009,5.6
Marshall Islands,MHL,2010,7
Marshall Islands,MHL,2011,10
Marshall Islands,MHL,2012,12.5
Marshall Islands,MHL,2013,14
Marshall Islands,MHL,2014,16.8
Marshall Islands,MHL,2015,19.2824
Marshall Islands,MHL,2016,29.7878
Marshall Islands,MHL,2017,38.7012
Marshall Islands,MHL,2018,38.7012
Marshall Islands,MHL,2019,38.7012
Middle income,MIC,2008,14.573149
Middle income,MIC,2009,17.4584897
Middle income,MIC,2010,21.46163901
Middle income,MIC,2011,24.59996679
Middle income,MIC,2012,28.01614498
Middle income,MIC,2013,30.96220749
Middle income,MIC,2014,34.63838498
Middle income,MIC,2015,36.54214875
Middle income,MIC,2016,39.61664235
Middle income,MIC,2017,45.85275015
Middle income,MIC,2018,46.93996599
Middle income,MIC,2019,47.59848068
North Macedonia,MKD,2008,46.04
North Macedonia,MKD,2009,51.77
North Macedonia,MKD,2010,51.9
North Macedonia,MKD,2011,56.7
North Macedonia,MKD,2012,57.4499
North Macedonia,MKD,2013,65.24
North Macedonia,MKD,2014,68.06
North Macedonia,MKD,2015,70.3802
North Macedonia,MKD,2016,72.1568
North Macedonia,MKD,2017,74.5168
North Macedonia,MKD,2018,79.1678
North Macedonia,MKD,2019,79.1678
Mali,MLI,2008,1.57
Mali,MLI,2009,1.8
Mali,MLI,2010,2
Mali,MLI,2011,2.2
Mali,MLI,2012,2.8
Mali,MLI,2013,3.5
Mali,MLI,2014,7
Mali,MLI,2015,10.33
Mali,MLI,2016,11.1122
Mali,MLI,2017,13
Mali,MLI,2018,13
Mali,MLI,2019,13
Malta,MLT,2008,50.08
Malta,MLT,2009,58.86
Malta,MLT,2010,63
Malta,MLT,2011,68.0198
Malta,MLT,2012,68.1999
Malta,MLT,2013,68.9138
Malta,MLT,2014,73.17
Malta,MLT,2015,75.96
Malta,MLT,2016,78.0751
Malta,MLT,2017,81.0119
Malta,MLT,2018,81.4031
Malta,MLT,2019,85.7786
Myanmar,MMR,2008,0.22
Myanmar,MMR,2009,0.22
Myanmar,MMR,2010,0.25
Myanmar,MMR,2011,0.98
Myanmar,MMR,2012,4
Myanmar,MMR,2013,8
Myanmar,MMR,2014,11.52
Myanmar,MMR,2015,21.7258
Myanmar,MMR,2016,25.0733
Myanmar,MMR,2017,30.6782
Myanmar,MMR,2018,30.6782
Myanmar,MMR,2019,30.6782
Middle East & North Africa (excluding high income),MNA,2008,15.12677971
Middle East & North Africa (excluding high income),MNA,2009,17.86957336
Middle East & North Africa (excluding high income),MNA,2010,20.84902874
Middle East & North Africa (excluding high income),MNA,2011,23.13447359
Middle East & North Africa (excluding high income),MNA,2012,26.17863033
Middle East & North Africa (excluding high income),MNA,2013,29.92718801
Middle East & North Africa (excluding high income),MNA,2014,34.94453998
Middle East & North Africa (excluding high income),MNA,2015,43.22793258
Middle East & North Africa (excluding high income),MNA,2016,43.21821956
Middle East & North Africa (excluding high income),MNA,2017,51.16231399
Middle East & North Africa (excluding high income),MNA,2018,54.50948186
Middle East & North Africa (excluding high income),MNA,2019,58.19322835
Montenegro,MNE,2008,32.9
Montenegro,MNE,2009,35.1
Montenegro,MNE,2010,37.5
Montenegro,MNE,2011,35.6115
Montenegro,MNE,2012,56.8388
Montenegro,MNE,2013,60.31
Montenegro,MNE,2014,61
Montenegro,MNE,2015,68.1196
Montenegro,MNE,2016,69.8816
Montenegro,MNE,2017,71.2723
Montenegro,MNE,2018,71.5173
Montenegro,MNE,2019,73.4767
Mongolia,MNG,2008,9.8
Mongolia,MNG,2009,10
Mongolia,MNG,2010,10.2
Mongolia,MNG,2011,12.5
Mongolia,MNG,2012,16.4
Mongolia,MNG,2013,17.7
Mongolia,MNG,2014,19.9424
Mongolia,MNG,2015,22.5
Mongolia,MNG,2016,22.2658
Mongolia,MNG,2017,23.7143
Mongolia,MNG,2018,23.7143
Mongolia,MNG,2019,51.08
Northern Mariana Islands,MNP,2008,0
Northern Mariana Islands,MNP,2009,0
Northern Mariana Islands,MNP,2010,0
Northern Mariana Islands,MNP,2011,0
Northern Mariana Islands,MNP,2012,0
Northern Mariana Islands,MNP,2013,0
Northern Mariana Islands,MNP,2014,0
Northern Mariana Islands,MNP,2015,0
Northern Mariana Islands,MNP,2016,0
Northern Mariana Islands,MNP,2017,0
Northern Mariana Islands,MNP,2018,0
Northern Mariana Islands,MNP,2019,0
Mozambique,MOZ,2008,1.56
Mozambique,MOZ,2009,2.68
Mozambique,MOZ,2010,4.17
Mozambique,MOZ,2011,4.3
Mozambique,MOZ,2012,6
Mozambique,MOZ,2013,7.29394
Mozambique,MOZ,2014,9.23631
Mozambique,MOZ,2015,16.9335
Mozambique,MOZ,2016,17.5212
Mozambique,MOZ,2017,10
Mozambique,MOZ,2018,10
Mozambique,MOZ,2019,10
Mauritania,MRT,2008,1.87
Mauritania,MRT,2009,2.28
Mauritania,MRT,2010,4
Mauritania,MRT,2011,4.5
Mauritania,MRT,2012,5
Mauritania,MRT,2013,6.2
Mauritania,MRT,2014,10.7
Mauritania,MRT,2015,15.1991
Mauritania,MRT,2016,18
Mauritania,MRT,2017,20.801
Mauritania,MRT,2018,20.801
Mauritania,MRT,2019,20.801
Mauritius,MUS,2008,21.81
Mauritius,MUS,2009,22.51
Mauritius,MUS,2010,28.33
Mauritius,MUS,2011,34.95
Mauritius,MUS,2012,35.42
Mauritius,MUS,2013,40.1168
Mauritius,MUS,2014,44.8033
Mauritius,MUS,2015,50.1393
Mauritius,MUS,2016,52.1913
Mauritius,MUS,2017,55.4032
Mauritius,MUS,2018,58.5962
Mauritius,MUS,2019,63.9999
Malawi,MWI,2008,0.7
Malawi,MWI,2009,1.07
Malawi,MWI,2010,2.26
Malawi,MWI,2011,3.33
Malawi,MWI,2012,4.3506
Malawi,MWI,2013,5.05
Malawi,MWI,2014,5.83
Malawi,MWI,2015,5.3
Malawi,MWI,2016,11.47
Malawi,MWI,2017,13.7822
Malawi,MWI,2018,13.7822
Malawi,MWI,2019,13.7822
Malaysia,MYS,2008,55.8
Malaysia,MYS,2009,55.9
Malaysia,MYS,2010,56.3
Malaysia,MYS,2011,61
Malaysia,MYS,2012,65.8
Malaysia,MYS,2013,57.0575
Malaysia,MYS,2014,63.6654
Malaysia,MYS,2015,71.0641
Malaysia,MYS,2016,78.7883
Malaysia,MYS,2017,80.1405
Malaysia,MYS,2018,81.2017
Malaysia,MYS,2019,84.2132
North America,NAC,2008,74.2688087
North America,NAC,2009,71.9250964
North America,NAC,2010,72.54899829
North America,NAC,2011,71.05699375
North America,NAC,2012,75.53352977
North America,NAC,2013,72.84930272
North America,NAC,2014,74.42523105
North America,NAC,2015,76.11729163
North America,NAC,2016,86.11497798
North America,NAC,2017,87.6470387
North America,NAC,2018,87.6480789
North America,NAC,2019,87.64909709
Namibia,NAM,2008,5.329
Namibia,NAM,2009,6.5
Namibia,NAM,2010,11.6
Namibia,NAM,2011,12
Namibia,NAM,2012,12.9414
Namibia,NAM,2013,13.9
Namibia,NAM,2014,14.84
Namibia,NAM,2015,25.6879
Namibia,NAM,2016,31.0333
Namibia,NAM,2017,51
Namibia,NAM,2018,51
Namibia,NAM,2019,51
New Caledonia,NCL,2008,34.51
New Caledonia,NCL,2009,33.99
New Caledonia,NCL,2010,42
New Caledonia,NCL,2011,50
New Caledonia,NCL,2012,58
New Caledonia,NCL,2013,66
New Caledonia,NCL,2014,70
New Caledonia,NCL,2015,74.0018
New Caledonia,NCL,2016,74.0018
New Caledonia,NCL,2017,82.0058
New Caledonia,NCL,2018,82.0058
New Caledonia,NCL,2019,82.0058
Niger,NER,2008,0.7
Niger,NER,2009,0.76
Niger,NER,2010,0.83
Niger,NER,2011,0.9
Niger,NER,2012,1.05
Niger,NER,2013,1.15
Niger,NER,2014,1.24868
Niger,NER,2015,2.47622
Niger,NER,2016,4.32276
Niger,NER,2017,10.2243
Niger,NER,2018,5.25049
Niger,NER,2019,5.25049
Nigeria,NGA,2008,8
Nigeria,NGA,2009,9.3
Nigeria,NGA,2010,11.5
Nigeria,NGA,2011,13.8
Nigeria,NGA,2012,16.1
Nigeria,NGA,2013,19.1
Nigeria,NGA,2014,21
Nigeria,NGA,2015,36
Nigeria,NGA,2016,25.67
Nigeria,NGA,2017,42
Nigeria,NGA,2018,42
Nigeria,NGA,2019,42
Nicaragua,NIC,2008,5.3
Nicaragua,NIC,2009,7.3
Nicaragua,NIC,2010,10
Nicaragua,NIC,2011,10.6
Nicaragua,NIC,2012,13.5
Nicaragua,NIC,2013,15.5
Nicaragua,NIC,2014,17.6
Nicaragua,NIC,2015,19.7043
Nicaragua,NIC,2016,24.5718
Nicaragua,NIC,2017,27.863
Nicaragua,NIC,2018,27.863
Nicaragua,NIC,2019,27.863
Netherlands,NLD,2008,87.42
Netherlands,NLD,2009,89.63
Netherlands,NLD,2010,90.72
Netherlands,NLD,2011,91.42
Netherlands,NLD,2012,92.86
Netherlands,NLD,2013,93.9564
Netherlands,NLD,2014,91.6667
Netherlands,NLD,2015,91.7241
Netherlands,NLD,2016,90.411
Netherlands,NLD,2017,93.1973
Netherlands,NLD,2018,94.7121
Netherlands,NLD,2019,93.2886
Norway,NOR,2008,90.57
Norway,NOR,2009,92.08
Norway,NOR,2010,93.39
Norway,NOR,2011,93.49
Norway,NOR,2012,94.65
Norway,NOR,2013,95.0534
Norway,NOR,2014,96.3
Norway,NOR,2015,96.8103
Norway,NOR,2016,97.2982
Norway,NOR,2017,96.3576
Norway,NOR,2018,96.4917
Norway,NOR,2019,98
Nepal,NPL,2008,1.73
Nepal,NPL,2009,1.97
Nepal,NPL,2010,7.93
Nepal,NPL,2011,9
Nepal,NPL,2012,11.1493
Nepal,NPL,2013,13.3
Nepal,NPL,2014,15.44
Nepal,NPL,2015,17.5816
Nepal,NPL,2016,19.6888
Nepal,NPL,2017,34
Nepal,NPL,2018,34
Nepal,NPL,2019,34
Nauru,NRU,2008,0
Nauru,NRU,2009,0
Nauru,NRU,2010,0
Nauru,NRU,2011,54
Nauru,NRU,2012,54
Nauru,NRU,2013,54
Nauru,NRU,2014,54
Nauru,NRU,2015,54
Nauru,NRU,2016,54
Nauru,NRU,2017,57
Nauru,NRU,2018,57
Nauru,NRU,2019,57
New Zealand,NZL,2008,72.03
New Zealand,NZL,2009,79.7
New Zealand,NZL,2010,80.46
New Zealand,NZL,2011,81.23
New Zealand,NZL,2012,81.6445
New Zealand,NZL,2013,82.78
New Zealand,NZL,2014,85.5
New Zealand,NZL,2015,88.2229
New Zealand,NZL,2016,88.4702
New Zealand,NZL,2017,90.8111
New Zealand,NZL,2018,90.8111
New Zealand,NZL,2019,90.8111
OECD members,OED,2008,62.68791723
OECD members,OED,2009,64.20707351
OECD members,OED,2010,66.63827912
OECD members,OED,2011,67.64440994
OECD members,OED,2012,70.26829172
OECD members,OED,2013,71.62881074
OECD members,OED,2014,73.21544139
OECD members,OED,2015,75.75610747
OECD members,OED,2016,79.89646852
OECD members,OED,2017,81.00660989
OECD members,OED,2018,82.66070253
OECD members,OED,2019,83.69620079
Oman,OMN,2008,20
Oman,OMN,2009,26.8
Oman,OMN,2010,35.8278
Oman,OMN,2011,48
Oman,OMN,2012,60
Oman,OMN,2013,66.45
Oman,OMN,2014,70.22
Oman,OMN,2015,73.53
Oman,OMN,2016,76.8454
Oman,OMN,2017,80.1856
Oman,OMN,2018,80.1856
Oman,OMN,2019,92.4084
Other small states,OSS,2008,18.84138295
Other small states,OSS,2009,20.93980301
Other small states,OSS,2010,24.54034904
Other small states,OSS,2011,28.12440963
Other small states,OSS,2012,31.46661419
Other small states,OSS,2013,36.3583586
Other small states,OSS,2014,40.15763578
Other small states,OSS,2015,43.65697153
Other small states,OSS,2016,46.29990645
Other small states,OSS,2017,52.86352241
Other small states,OSS,2018,53.5035833
Other small states,OSS,2019,53.88463776
Pakistan,PAK,2008,7
Pakistan,PAK,2009,7.5
Pakistan,PAK,2010,8
Pakistan,PAK,2011,9
Pakistan,PAK,2012,9.96
Pakistan,PAK,2013,10.9
Pakistan,PAK,2014,12
Pakistan,PAK,2015,14
Pakistan,PAK,2016,12.3854
Pakistan,PAK,2017,15.51
Pakistan,PAK,2018,15.51
Pakistan,PAK,2019,17.0709
Panama,PAN,2008,33.82
Panama,PAN,2009,39.08
Panama,PAN,2010,40.1
Panama,PAN,2011,42.7
Panama,PAN,2012,40.3019
Panama,PAN,2013,44.03
Panama,PAN,2014,44.92
Panama,PAN,2015,51.2054
Panama,PAN,2016,54
Panama,PAN,2017,57.8651
Panama,PAN,2018,57.8651
Panama,PAN,2019,63.6284
Peru,PER,2008,30.57
Peru,PER,2009,31.4
Peru,PER,2010,34.77
Peru,PER,2011,36.01
Peru,PER,2012,38.2
Peru,PER,2013,39.2
Peru,PER,2014,40.2
Peru,PER,2015,40.8526
Peru,PER,2016,45.4617
Peru,PER,2017,48.7276
Peru,PER,2018,52.5403
Peru,PER,2019,59.9505
Philippines,PHL,2008,6.22
Philippines,PHL,2009,9
Philippines,PHL,2010,25
Philippines,PHL,2011,29
Philippines,PHL,2012,36.2351
Philippines,PHL,2013,48.099
Philippines,PHL,2014,49.6
Philippines,PHL,2015,36
Philippines,PHL,2016,55.5
Philippines,PHL,2017,60.0548
Philippines,PHL,2018,60.0548
Philippines,PHL,2019,43.0266
Palau,PLW,2008,26.9703
Palau,PLW,2009,26.9703
Palau,PLW,2010,0
Palau,PLW,2011,0
Palau,PLW,2012,0
Palau,PLW,2013,0
Palau,PLW,2014,0
Palau,PLW,2015,0
Palau,PLW,2016,0
Palau,PLW,2017,0
Palau,PLW,2018,0
Palau,PLW,2019,0
Papua New Guinea,PNG,2008,1.15
Papua New Guinea,PNG,2009,1.61
Papua New Guinea,PNG,2010,1.28
Papua New Guinea,PNG,2011,2
Papua New Guinea,PNG,2012,3.5
Papua New Guinea,PNG,2013,5.1
Papua New Guinea,PNG,2014,6.5
Papua New Guinea,PNG,2015,7.9
Papua New Guinea,PNG,2016,9.60154
Papua New Guinea,PNG,2017,11.2092
Papua New Guinea,PNG,2018,11.2092
Papua New Guinea,PNG,2019,11.2092
Poland,POL,2008,53.13
Poland,POL,2009,58.97
Poland,POL,2010,62.32
Poland,POL,2011,61.95
Poland,POL,2012,62.31
Poland,POL,2013,62.8492
Poland,POL,2014,66.6
Poland,POL,2015,67.997
Poland,POL,2016,73.3007
Poland,POL,2017,75.9854
Poland,POL,2018,77.5417
Poland,POL,2019,84.5165
Pre-demographic dividend,PRE,2008,3.972256005
Pre-demographic dividend,PRE,2009,4.632662544
Pre-demographic dividend,PRE,2010,6.036368431
Pre-demographic dividend,PRE,2011,7.097931222
Pre-demographic dividend,PRE,2012,8.585604792
Pre-demographic dividend,PRE,2013,10.3258243
Pre-demographic dividend,PRE,2014,12.76618157
Pre-demographic dividend,PRE,2015,20.26046115
Pre-demographic dividend,PRE,2016,16.50903153
Pre-demographic dividend,PRE,2017,24.06105524
Pre-demographic dividend,PRE,2018,23.74878223
Pre-demographic dividend,PRE,2019,23.71096132
Puerto Rico,PRI,2008,38
Puerto Rico,PRI,2009,41.5
Puerto Rico,PRI,2010,45.3
Puerto Rico,PRI,2011,48
Puerto Rico,PRI,2012,69
Puerto Rico,PRI,2013,69
Puerto Rico,PRI,2014,69
Puerto Rico,PRI,2015,63.47
Puerto Rico,PRI,2016,68.6438
Puerto Rico,PRI,2017,70.5979
Puerto Rico,PRI,2018,70.5979
Puerto Rico,PRI,2019,70.8743
"Korea, Dem. People’s Rep.",PRK,2008,0
"Korea, Dem. People’s Rep.",PRK,2009,0
"Korea, Dem. People’s Rep.",PRK,2010,0
"Korea, Dem. People’s Rep.",PRK,2011,0
"Korea, Dem. People’s Rep.",PRK,2012,0
"Korea, Dem. People’s Rep.",PRK,2013,0
"Korea, Dem. People’s Rep.",PRK,2014,0
"Korea, Dem. People’s Rep.",PRK,2015,0
"Korea, Dem. People’s Rep.",PRK,2016,0
"Korea, Dem. People’s Rep.",PRK,2017,0
"Korea, Dem. People’s Rep.",PRK,2018,0
"Korea, Dem. People’s Rep.",PRK,2019,0
Portugal,PRT,2008,44.13
Portugal,PRT,2009,48.27
Portugal,PRT,2010,53.3
Portugal,PRT,2011,55.25
Portugal,PRT,2012,60.34
Portugal,PRT,2013,62.0956
Portugal,PRT,2014,64.59
Portugal,PRT,2015,68.6329
Portugal,PRT,2016,70.4236
Portugal,PRT,2017,73.7912
Portugal,PRT,2018,74.661
Portugal,PRT,2019,75.3464
Paraguay,PRY,2008,14.27
Paraguay,PRY,2009,18.9
Paraguay,PRY,2010,19.8
Paraguay,PRY,2011,24.7635
Paraguay,PRY,2012,29.34
Paraguay,PRY,2013,36.9
Paraguay,PRY,2014,43
Paraguay,PRY,2015,49.72
Paraguay,PRY,2016,53.4041
Paraguay,PRY,2017,61.0758
Paraguay,PRY,2018,64.9935
Paraguay,PRY,2019,68.5176
West Bank and Gaza,PSE,2008,24.358
West Bank and Gaza,PSE,2009,32.23
West Bank and Gaza,PSE,2010,37.4
West Bank and Gaza,PSE,2011,41.08
West Bank and Gaza,PSE,2012,43.4
West Bank and Gaza,PSE,2013,46.6
West Bank and Gaza,PSE,2014,53.67
West Bank and Gaza,PSE,2015,57.4242
West Bank and Gaza,PSE,2016,61.1784
West Bank and Gaza,PSE,2017,65.2
West Bank and Gaza,PSE,2018,64.4
West Bank and Gaza,PSE,2019,70.6226
Pacific island small states,PSS,2008,8.848631854
Pacific island small states,PSS,2009,11.00374788
Pacific island small states,PSS,2010,12.96116496
Pacific island small states,PSS,2011,17.59989793
Pacific island small states,PSS,2012,20.76489651
Pacific island small states,PSS,2013,22.00592408
Pacific island small states,PSS,2014,24.64488031
Pacific island small states,PSS,2015,27.75548838
Pacific island small states,PSS,2016,30.3411928
Pacific island small states,PSS,2017,32.7039647
Pacific island small states,PSS,2018,32.57868043
Pacific island small states,PSS,2019,32.45870275
Post-demographic dividend,PST,2008,67.681255
Post-demographic dividend,PST,2009,68.89431913
Post-demographic dividend,PST,2010,71.00784519
Post-demographic dividend,PST,2011,71.45272421
Post-demographic dividend,PST,2012,74.24816262
Post-demographic dividend,PST,2013,75.74608244
Post-demographic dividend,PST,2014,77.40320589
Post-demographic dividend,PST,2015,78.7028407
Post-demographic dividend,PST,2016,83.18704754
Post-demographic dividend,PST,2017,83.80541882
Post-demographic dividend,PST,2018,85.22968095
Post-demographic dividend,PST,2019,85.55388026
French Polynesia,PYF,2008,33.87
French Polynesia,PYF,2009,44.6
French Polynesia,PYF,2010,49
French Polynesia,PYF,2011,49
French Polynesia,PYF,2012,52.8766
French Polynesia,PYF,2013,56.8
French Polynesia,PYF,2014,60.68
French Polynesia,PYF,2015,64.5602
French Polynesia,PYF,2016,68.4404
French Polynesia,PYF,2017,72.7039
French Polynesia,PYF,2018,72.7039
French Polynesia,PYF,2019,72.7039
Qatar,QAT,2008,44.3
Qatar,QAT,2009,53.1
Qatar,QAT,2010,69
Qatar,QAT,2011,69
Qatar,QAT,2012,69.3
Qatar,QAT,2013,85.3
Qatar,QAT,2014,91.49
Qatar,QAT,2015,92.8848
Qatar,QAT,2016,95.1247
Qatar,QAT,2017,97.3888
Qatar,QAT,2018,99.6528
Qatar,QAT,2019,99.6528
Romania,ROU,2008,32.42
Romania,ROU,2009,36.6
Romania,ROU,2010,39.93
Romania,ROU,2011,40.01
Romania,ROU,2012,45.88
Romania,ROU,2013,49.7645
Romania,ROU,2014,54.08
Romania,ROU,2015,55.7632
Romania,ROU,2016,59.504
Romania,ROU,2017,63.7473
Romania,ROU,2018,70.6813
Romania,ROU,2019,73.6575
Russian Federation,RUS,2008,26.83
Russian Federation,RUS,2009,29
Russian Federation,RUS,2010,43
Russian Federation,RUS,2011,49
Russian Federation,RUS,2012,63.8
Russian Federation,RUS,2013,67.97
Russian Federation,RUS,2014,70.52
Russian Federation,RUS,2015,70.1
Russian Federation,RUS,2016,73.0914
Russian Federation,RUS,2017,76.0081
Russian Federation,RUS,2018,80.8647
Russian Federation,RUS,2019,82.6422
Rwanda,RWA,2008,4.5
Rwanda,RWA,2009,7.7
Rwanda,RWA,2010,8
Rwanda,RWA,2011,7
Rwanda,RWA,2012,8.02385
Rwanda,RWA,2013,9
Rwanda,RWA,2014,10.6
Rwanda,RWA,2015,18
Rwanda,RWA,2016,20
Rwanda,RWA,2017,21.7676
Rwanda,RWA,2018,21.7676
Rwanda,RWA,2019,21.7676
South Asia,SAS,2008,4.426259689
South Asia,SAS,2009,5.166866096
South Asia,SAS,2010,7.219739697
South Asia,SAS,2011,9.410017029
South Asia,SAS,2012,11.53115812
South Asia,SAS,2013,13.76061886
South Asia,SAS,2014,19.05930188
South Asia,SAS,2015,16.22347276
South Asia,SAS,2016,20.23984464
South Asia,SAS,2017,30.09918349
South Asia,SAS,2018,30.07748512
South Asia,SAS,2019,30.05359823
Saudi Arabia,SAU,2008,36
Saudi Arabia,SAU,2009,38
Saudi Arabia,SAU,2010,41
Saudi Arabia,SAU,2011,47.5
Saudi Arabia,SAU,2012,54
Saudi Arabia,SAU,2013,60.5
Saudi Arabia,SAU,2014,64.7137
Saudi Arabia,SAU,2015,69.6162
Saudi Arabia,SAU,2016,74.8793
Saudi Arabia,SAU,2017,82.12
Saudi Arabia,SAU,2018,93.31
Saudi Arabia,SAU,2019,95.7247
Sudan,SDN,2008,8.66
Sudan,SDN,2009,8.66
Sudan,SDN,2010,16.7
Sudan,SDN,2011,17.46
Sudan,SDN,2012,21
Sudan,SDN,2013,22.7
Sudan,SDN,2014,24.64
Sudan,SDN,2015,26.61
Sudan,SDN,2016,14.1
Sudan,SDN,2017,30.8703
Sudan,SDN,2018,30.8703
Sudan,SDN,2019,30.8703
Senegal,SEN,2008,7.12
Senegal,SEN,2009,7.5
Senegal,SEN,2010,8
Senegal,SEN,2011,9.8
Senegal,SEN,2012,10.8
Senegal,SEN,2013,13.1
Senegal,SEN,2014,17.7
Senegal,SEN,2015,27
Senegal,SEN,2016,25.6648
Senegal,SEN,2017,46
Senegal,SEN,2018,46
Senegal,SEN,2019,46
Singapore,SGP,2008,69
Singapore,SGP,2009,69
Singapore,SGP,2010,71
Singapore,SGP,2011,71
Singapore,SGP,2012,72
Singapore,SGP,2013,80.9021
Singapore,SGP,2014,79.0292
Singapore,SGP,2015,79.013
Singapore,SGP,2016,84.4523
Singapore,SGP,2017,84.4495
Singapore,SGP,2018,88.1656
Singapore,SGP,2019,88.9493
Solomon Islands,SLB,2008,3
Solomon Islands,SLB,2009,4
Solomon Islands,SLB,2010,5
Solomon Islands,SLB,2011,6
Solomon Islands,SLB,2012,6.9974
Solomon Islands,SLB,2013,8
Solomon Islands,SLB,2014,9
Solomon Islands,SLB,2015,10.0005
Solomon Islands,SLB,2016,11.0009
Solomon Islands,SLB,2017,11.9242
Solomon Islands,SLB,2018,11.9242
Solomon Islands,SLB,2019,11.9242
Sierra Leone,SLE,2008,0.25
Sierra Leone,SLE,2009,0.26
Sierra Leone,SLE,2010,0.58
Sierra Leone,SLE,2011,0.9
Sierra Leone,SLE,2012,2.5
Sierra Leone,SLE,2013,4
Sierra Leone,SLE,2014,6.0573
Sierra Leone,SLE,2015,6.34442
Sierra Leone,SLE,2016,11.7732
Sierra Leone,SLE,2017,9
Sierra Leone,SLE,2018,9
Sierra Leone,SLE,2019,9
El Salvador,SLV,2008,10.08
El Salvador,SLV,2009,12.11
El Salvador,SLV,2010,15.9
El Salvador,SLV,2011,18.9
El Salvador,SLV,2012,20.3214
El Salvador,SLV,2013,23.1093
El Salvador,SLV,2014,24.7617
El Salvador,SLV,2015,26.8026
El Salvador,SLV,2016,28.9971
El Salvador,SLV,2017,33.8207
El Salvador,SLV,2018,33.8207
El Salvador,SLV,2019,33.8207
San Marino,SMR,2008,54.52
San Marino,SMR,2009,54.21
San Marino,SMR,2010,54.21
San Marino,SMR,2011,49.6
San Marino,SMR,2012,49.6
San Marino,SMR,2013,49.6
San Marino,SMR,2014,49.6
San Marino,SMR,2015,49.6
San Marino,SMR,2016,49.6
San Marino,SMR,2017,60.1823
San Marino,SMR,2018,60.1823
San Marino,SMR,2019,60.1823
Somalia,SOM,2008,1.14269
Somalia,SOM,2009,1.16061
Somalia,SOM,2010,1.16061
Somalia,SOM,2011,1.25
Somalia,SOM,2012,1.3767
Somalia,SOM,2013,1.5
Somalia,SOM,2014,1.63
Somalia,SOM,2015,1.76
Somalia,SOM,2016,1.88
Somalia,SOM,2017,2.00405
Somalia,SOM,2018,2.00405
Somalia,SOM,2019,2.00405
Serbia,SRB,2008,35.6
Serbia,SRB,2009,38.1
Serbia,SRB,2010,40.9
Serbia,SRB,2011,42.2
Serbia,SRB,2012,48.1
Serbia,SRB,2013,53.4504
Serbia,SRB,2014,62.0751
Serbia,SRB,2015,65.317
Serbia,SRB,2016,67.0568
Serbia,SRB,2017,70.3308
Serbia,SRB,2018,73.3607
Serbia,SRB,2019,77.4168
Sub-Saharan Africa (excluding high income),SSA,2008,4.098426875
Sub-Saharan Africa (excluding high income),SSA,2009,4.784302718
Sub-Saharan Africa (excluding high income),SSA,2010,6.887964779
Sub-Saharan Africa (excluding high income),SSA,2011,8.357965828
Sub-Saharan Africa (excluding high income),SSA,2012,10.24804626
Sub-Saharan Africa (excluding high income),SSA,2013,12.3234457
Sub-Saharan Africa (excluding high income),SSA,2014,15.01456921
Sub-Saharan Africa (excluding high income),SSA,2015,20.70548506
Sub-Saharan Africa (excluding high income),SSA,2016,19.29714376
Sub-Saharan Africa (excluding high income),SSA,2017,25.37611508
Sub-Saharan Africa (excluding high income),SSA,2018,25.08598551
Sub-Saharan Africa (excluding high income),SSA,2019,25.02949865
South Sudan,SSD,2008,0
South Sudan,SSD,2009,0
South Sudan,SSD,2010,0
South Sudan,SSD,2011,0
South Sudan,SSD,2012,0
South Sudan,SSD,2013,3.82997
South Sudan,SSD,2014,4.51615
South Sudan,SSD,2015,5.5
South Sudan,SSD,2016,6.67973
South Sudan,SSD,2017,7.97743
South Sudan,SSD,2018,7.97743
South Sudan,SSD,2019,7.97743
Sub-Saharan Africa,SSF,2008,4.129092796
Sub-Saharan Africa,SSF,2009,4.814206411
Sub-Saharan Africa,SSF,2010,6.922719109
Sub-Saharan Africa,SSF,2011,8.399254427
Sub-Saharan Africa,SSF,2012,10.28656827
Sub-Saharan Africa,SSF,2013,12.36421746
Sub-Saharan Africa,SSF,2014,15.05674791
Sub-Saharan Africa,SSF,2015,20.74592629
Sub-Saharan Africa,SSF,2016,19.34122079
Sub-Saharan Africa,SSF,2017,25.41533657
Sub-Saharan Africa,SSF,2018,25.12839791
Sub-Saharan Africa,SSF,2019,25.07717618
Small states,SST,2008,20.01312914
Small states,SST,2009,22.49475246
Small states,SST,2010,25.98109046
Small states,SST,2011,30.22911499
Small states,SST,2012,32.95173352
Small states,SST,2013,37.1922233
Small states,SST,2014,40.7670671
Small states,SST,2015,43.93980442
Small states,SST,2016,46.57212675
Small states,SST,2017,52.80672649
Small states,SST,2018,53.2725732
Small states,SST,2019,53.54318525
Sao Tome and Principe,STP,2008,15.48
Sao Tome and Principe,STP,2009,16.41
Sao Tome and Principe,STP,2010,18.75
Sao Tome and Principe,STP,2011,20.1612
Sao Tome and Principe,STP,2012,21.5724
Sao Tome and Principe,STP,2013,23
Sao Tome and Principe,STP,2014,24.41
Sao Tome and Principe,STP,2015,25.82
Sao Tome and Principe,STP,2016,28
Sao Tome and Principe,STP,2017,29.9312
Sao Tome and Principe,STP,2018,29.9312
Sao Tome and Principe,STP,2019,29.9312
Suriname,SUR,2008,21.06
Suriname,SUR,2009,31.36
Suriname,SUR,2010,31.59
Suriname,SUR,2011,32
Suriname,SUR,2012,34.6812
Suriname,SUR,2013,37.4
Suriname,SUR,2014,40.08
Suriname,SUR,2015,42.7638
Suriname,SUR,2016,45.4
Suriname,SUR,2017,48.9452
Suriname,SUR,2018,48.9452
Suriname,SUR,2019,48.9452
Slovak Republic,SVK,2008,66.05
Slovak Republic,SVK,2009,70
Slovak Republic,SVK,2010,75.71
Slovak Republic,SVK,2011,74.44
Slovak Republic,SVK,2012,76.71
Slovak Republic,SVK,2013,77.8826
Slovak Republic,SVK,2014,79.98
Slovak Republic,SVK,2015,77.6347
Slovak Republic,SVK,2016,80.4759
Slovak Republic,SVK,2017,81.6257
Slovak Republic,SVK,2018,80.6603
Slovak Republic,SVK,2019,82.8537
Slovenia,SVN,2008,58
Slovenia,SVN,2009,64
Slovenia,SVN,2010,70
Slovenia,SVN,2011,67.34
Slovenia,SVN,2012,68.35
Slovenia,SVN,2013,72.6756
Slovenia,SVN,2014,71.59
Slovenia,SVN,2015,73.0987
Slovenia,SVN,2016,75.4985
Slovenia,SVN,2017,78.8854
Slovenia,SVN,2018,79.75
Slovenia,SVN,2019,83.1084
Sweden,SWE,2008,90
Sweden,SWE,2009,91
Sweden,SWE,2010,90
Sweden,SWE,2011,92.77
Sweden,SWE,2012,93.18
Sweden,SWE,2013,94.7836
Sweden,SWE,2014,92.52
Sweden,SWE,2015,90.6102
Sweden,SWE,2016,89.6509
Sweden,SWE,2017,95.5101
Sweden,SWE,2018,92.1417
Sweden,SWE,2019,94.4934
Eswatini,SWZ,2008,6.85
Eswatini,SWZ,2009,8.94
Eswatini,SWZ,2010,11.04
Eswatini,SWZ,2011,18.13
Eswatini,SWZ,2012,20.7818
Eswatini,SWZ,2013,24.7
Eswatini,SWZ,2014,26.175
Eswatini,SWZ,2015,25.643
Eswatini,SWZ,2016,28.5735
Eswatini,SWZ,2017,47
Eswatini,SWZ,2018,47
Eswatini,SWZ,2019,47
Sint Maarten (Dutch part),SXM,2008,0
Sint Maarten (Dutch part),SXM,2009,0
Sint Maarten (Dutch part),SXM,2010,0
Sint Maarten (Dutch part),SXM,2011,0
Sint Maarten (Dutch part),SXM,2012,0
Sint Maarten (Dutch part),SXM,2013,0
Sint Maarten (Dutch part),SXM,2014,0
Sint Maarten (Dutch part),SXM,2015,0
Sint Maarten (Dutch part),SXM,2016,0
Sint Maarten (Dutch part),SXM,2017,0
Sint Maarten (Dutch part),SXM,2018,0
Sint Maarten (Dutch part),SXM,2019,0
Seychelles,SYC,2008,40.44
Seychelles,SYC,2009,40.44
Seychelles,SYC,2010,41
Seychelles,SYC,2011,43.164
Seychelles,SYC,2012,47.076
Seychelles,SYC,2013,50.4
Seychelles,SYC,2014,51.2547
Seychelles,SYC,2015,54.2596
Seychelles,SYC,2016,56.5147
Seychelles,SYC,2017,58.7698
Seychelles,SYC,2018,58.7698
Seychelles,SYC,2019,58.7698
Syrian Arab Republic,SYR,2008,14
Syrian Arab Republic,SYR,2009,17.3
Syrian Arab Republic,SYR,2010,20.7
Syrian Arab Republic,SYR,2011,22.5
Syrian Arab Republic,SYR,2012,24.3001
Syrian Arab Republic,SYR,2013,26.2
Syrian Arab Republic,SYR,2014,28.09
Syrian Arab Republic,SYR,2015,29.9798
Syrian Arab Republic,SYR,2016,31.8696
Syrian Arab Republic,SYR,2017,34.2534
Syrian Arab Republic,SYR,2018,34.2534
Syrian Arab Republic,SYR,2019,34.2534
Turks and Caicos Islands,TCA,2008,0
Turks and Caicos Islands,TCA,2009,0
Turks and Caicos Islands,TCA,2010,0
Turks and Caicos Islands,TCA,2011,0
Turks and Caicos Islands,TCA,2012,0
Turks and Caicos Islands,TCA,2013,0
Turks and Caicos Islands,TCA,2014,0
Turks and Caicos Islands,TCA,2015,0
Turks and Caicos Islands,TCA,2016,0
Turks and Caicos Islands,TCA,2017,0
Turks and Caicos Islands,TCA,2018,0
Turks and Caicos Islands,TCA,2019,0
Chad,TCD,2008,1.19
Chad,TCD,2009,1.5
Chad,TCD,2010,1.7
Chad,TCD,2011,1.9
Chad,TCD,2012,2.1
Chad,TCD,2013,2.5
Chad,TCD,2014,2.9
Chad,TCD,2015,3.5
Chad,TCD,2016,5
Chad,TCD,2017,6.5
Chad,TCD,2018,6.5
Chad,TCD,2019,6.5
East Asia & Pacific (IDA & IBRD countries),TEA,2008,19.51378068
East Asia & Pacific (IDA & IBRD countries),TEA,2009,24.08592849
East Asia & Pacific (IDA & IBRD countries),TEA,2010,29.34051305
East Asia & Pacific (IDA & IBRD countries),TEA,2011,32.80669905
East Asia & Pacific (IDA & IBRD countries),TEA,2012,36.52923592
East Asia & Pacific (IDA & IBRD countries),TEA,2013,39.71649031
East Asia & Pacific (IDA & IBRD countries),TEA,2014,42.0618627
East Asia & Pacific (IDA & IBRD countries),TEA,2015,44.29046889
East Asia & Pacific (IDA & IBRD countries),TEA,2016,48.72884176
East Asia & Pacific (IDA & IBRD countries),TEA,2017,51.16874066
East Asia & Pacific (IDA & IBRD countries),TEA,2018,52.87793438
East Asia & Pacific (IDA & IBRD countries),TEA,2019,53.35003276
Europe & Central Asia (IDA & IBRD countries),TEC,2008,26.65027011
Europe & Central Asia (IDA & IBRD countries),TEC,2009,30.42741605
Europe & Central Asia (IDA & IBRD countries),TEC,2010,38.13634458
Europe & Central Asia (IDA & IBRD countries),TEC,2011,42.55531167
Europe & Central Asia (IDA & IBRD countries),TEC,2012,50.10621736
Europe & Central Asia (IDA & IBRD countries),TEC,2013,53.77650321
Europe & Central Asia (IDA & IBRD countries),TEC,2014,57.83270131
Europe & Central Asia (IDA & IBRD countries),TEC,2015,59.65788164
Europe & Central Asia (IDA & IBRD countries),TEC,2016,63.49997616
Europe & Central Asia (IDA & IBRD countries),TEC,2017,67.35817116
Europe & Central Asia (IDA & IBRD countries),TEC,2018,70.78947037
Europe & Central Asia (IDA & IBRD countries),TEC,2019,72.94224074
Togo,TGO,2008,2.4
Togo,TGO,2009,2.6
Togo,TGO,2010,3
Togo,TGO,2011,3.5
Togo,TGO,2012,4
Togo,TGO,2013,4.5
Togo,TGO,2014,5.7
Togo,TGO,2015,7.12
Togo,TGO,2016,11.31
Togo,TGO,2017,12.3602
Togo,TGO,2018,12.3602
Togo,TGO,2019,12.3602
Thailand,THA,2008,18.2
Thailand,THA,2009,20.1
Thailand,THA,2010,22.4
Thailand,THA,2011,23.6699
Thailand,THA,2012,26.46
Thailand,THA,2013,28.94
Thailand,THA,2014,34.89
Thailand,THA,2015,39.3161
Thailand,THA,2016,47.505
Thailand,THA,2017,52.8919
Thailand,THA,2018,56.8175
Thailand,THA,2019,66.6524
Tajikistan,TJK,2008,8.78
Tajikistan,TJK,2009,10.07
Tajikistan,TJK,2010,11.55
Tajikistan,TJK,2011,13.03
Tajikistan,TJK,2012,14.51
Tajikistan,TJK,2013,16
Tajikistan,TJK,2014,17.49
Tajikistan,TJK,2015,18.98
Tajikistan,TJK,2016,20.47
Tajikistan,TJK,2017,21.96
Tajikistan,TJK,2018,21.96
Tajikistan,TJK,2019,21.96
Turkmenistan,TKM,2008,1.75
Turkmenistan,TKM,2009,1.95
Turkmenistan,TKM,2010,3
Turkmenistan,TKM,2011,5
Turkmenistan,TKM,2012,7.1958
Turkmenistan,TKM,2013,9.6
Turkmenistan,TKM,2014,12.2
Turkmenistan,TKM,2015,14.9968
Turkmenistan,TKM,2016,17.9903
Turkmenistan,TKM,2017,21.251
Turkmenistan,TKM,2018,21.251
Turkmenistan,TKM,2019,21.251
Latin America & the Caribbean (IDA & IBRD countries),TLA,2008,26.68353227
Latin America & the Caribbean (IDA & IBRD countries),TLA,2009,31.27745362
Latin America & the Caribbean (IDA & IBRD countries),TLA,2010,34.97616509
Latin America & the Caribbean (IDA & IBRD countries),TLA,2011,39.69996303
Latin America & the Caribbean (IDA & IBRD countries),TLA,2012,43.38965468
Latin America & the Caribbean (IDA & IBRD countries),TLA,2013,46.41458028
Latin America & the Caribbean (IDA & IBRD countries),TLA,2014,48.93587879
Latin America & the Caribbean (IDA & IBRD countries),TLA,2015,54.85715355
Latin America & the Caribbean (IDA & IBRD countries),TLA,2016,57.52465215
Latin America & the Caribbean (IDA & IBRD countries),TLA,2017,63.25988064
Latin America & the Caribbean (IDA & IBRD countries),TLA,2018,64.36330244
Latin America & the Caribbean (IDA & IBRD countries),TLA,2019,65.99360985
Timor-Leste,TLS,2008,1.5
Timor-Leste,TLS,2009,2
Timor-Leste,TLS,2010,3
Timor-Leste,TLS,2011,4
Timor-Leste,TLS,2012,7
Timor-Leste,TLS,2013,11
Timor-Leste,TLS,2014,17.5
Timor-Leste,TLS,2015,23
Timor-Leste,TLS,2016,25.2462
Timor-Leste,TLS,2017,27.4927
Timor-Leste,TLS,2018,27.4927
Timor-Leste,TLS,2019,27.4927
Middle East & North Africa (IDA & IBRD countries),TMN,2008,15.014675
Middle East & North Africa (IDA & IBRD countries),TMN,2009,17.69373258
Middle East & North Africa (IDA & IBRD countries),TMN,2010,20.64499734
Middle East & North Africa (IDA & IBRD countries),TMN,2011,22.91213573
Middle East & North Africa (IDA & IBRD countries),TMN,2012,25.96443165
Middle East & North Africa (IDA & IBRD countries),TMN,2013,29.71909709
Middle East & North Africa (IDA & IBRD countries),TMN,2014,34.70991897
Middle East & North Africa (IDA & IBRD countries),TMN,2015,43.04918286
Middle East & North Africa (IDA & IBRD countries),TMN,2016,42.99069551
Middle East & North Africa (IDA & IBRD countries),TMN,2017,50.98323834
Middle East & North Africa (IDA & IBRD countries),TMN,2018,54.38236993
Middle East & North Africa (IDA & IBRD countries),TMN,2019,58.03231238
Tonga,TON,2008,8.11077
Tonga,TON,2009,10
Tonga,TON,2010,16
Tonga,TON,2011,25
Tonga,TON,2012,30
Tonga,TON,2013,32.754
Tonga,TON,2014,35.9544
Tonga,TON,2015,38.6513
Tonga,TON,2016,39.95
Tonga,TON,2017,41.2487
Tonga,TON,2018,41.2487
Tonga,TON,2019,41.2487
South Asia (IDA & IBRD),TSA,2008,4.426259689
South Asia (IDA & IBRD),TSA,2009,5.166866096
South Asia (IDA & IBRD),TSA,2010,7.219739697
South Asia (IDA & IBRD),TSA,2011,9.410017029
South Asia (IDA & IBRD),TSA,2012,11.53115812
South Asia (IDA & IBRD),TSA,2013,13.76061886
South Asia (IDA & IBRD),TSA,2014,19.05930188
South Asia (IDA & IBRD),TSA,2015,16.22347276
South Asia (IDA & IBRD),TSA,2016,20.23984464
South Asia (IDA & IBRD),TSA,2017,30.09918349
South Asia (IDA & IBRD),TSA,2018,30.07748512
South Asia (IDA & IBRD),TSA,2019,30.05359823
Sub-Saharan Africa (IDA & IBRD countries),TSS,2008,4.129092796
Sub-Saharan Africa (IDA & IBRD countries),TSS,2009,4.814206411
Sub-Saharan Africa (IDA & IBRD countries),TSS,2010,6.922719109
Sub-Saharan Africa (IDA & IBRD countries),TSS,2011,8.399254427
Sub-Saharan Africa (IDA & IBRD countries),TSS,2012,10.28656827
Sub-Saharan Africa (IDA & IBRD countries),TSS,2013,12.36421746
Sub-Saharan Africa (IDA & IBRD countries),TSS,2014,15.05674791
Sub-Saharan Africa (IDA & IBRD countries),TSS,2015,20.74592629
Sub-Saharan Africa (IDA & IBRD countries),TSS,2016,19.34122079
Sub-Saharan Africa (IDA & IBRD countries),TSS,2017,25.41533657
Sub-Saharan Africa (IDA & IBRD countries),TSS,2018,25.12839791
Sub-Saharan Africa (IDA & IBRD countries),TSS,2019,25.07717618
Trinidad and Tobago,TTO,2008,34.8
Trinidad and Tobago,TTO,2009,44.3
Trinidad and Tobago,TTO,2010,48.5
Trinidad and Tobago,TTO,2011,55.2
Trinidad and Tobago,TTO,2012,59.5162
Trinidad and Tobago,TTO,2013,63.8
Trinidad and Tobago,TTO,2014,65.1
Trinidad and Tobago,TTO,2015,69.1985
Trinidad and Tobago,TTO,2016,73.2969
Trinidad and Tobago,TTO,2017,77.3261
Trinidad and Tobago,TTO,2018,77.3261
Trinidad and Tobago,TTO,2019,77.3261
Tunisia,TUN,2008,27.53
Tunisia,TUN,2009,34.07
Tunisia,TUN,2010,36.8
Tunisia,TUN,2011,39.1
Tunisia,TUN,2012,41.4416
Tunisia,TUN,2013,43.8
Tunisia,TUN,2014,46.16
Tunisia,TUN,2015,46.5
Tunisia,TUN,2016,49.6
Tunisia,TUN,2017,64.1908
Tunisia,TUN,2018,64.1908
Tunisia,TUN,2019,66.7
Turkey,TUR,2008,34.37
Turkey,TUR,2009,36.4
Turkey,TUR,2010,39.82
Turkey,TUR,2011,43.0657
Turkey,TUR,2012,45.13
Turkey,TUR,2013,46.25
Turkey,TUR,2014,51.04
Turkey,TUR,2015,53.745
Turkey,TUR,2016,58.3477
Turkey,TUR,2017,64.6846
Turkey,TUR,2018,71.0428
Turkey,TUR,2019,73.9767
Tuvalu,TUV,2008,15
Tuvalu,TUV,2009,20
Tuvalu,TUV,2010,25
Tuvalu,TUV,2011,30
Tuvalu,TUV,2012,35
Tuvalu,TUV,2013,37
Tuvalu,TUV,2014,39.2
Tuvalu,TUV,2015,42.7
Tuvalu,TUV,2016,46.0092
Tuvalu,TUV,2017,49.3183
Tuvalu,TUV,2018,49.3183
Tuvalu,TUV,2019,49.3183
Tanzania,TZA,2008,1.9
Tanzania,TZA,2009,2.4
Tanzania,TZA,2010,2.9
Tanzania,TZA,2011,3.2
Tanzania,TZA,2012,3.95
Tanzania,TZA,2013,4.4
Tanzania,TZA,2014,7
Tanzania,TZA,2015,20
Tanzania,TZA,2016,13
Tanzania,TZA,2017,25
Tanzania,TZA,2018,25
Tanzania,TZA,2019,25
Uganda,UGA,2008,7.9
Uganda,UGA,2009,9.78
Uganda,UGA,2010,12.5
Uganda,UGA,2011,13.0135
Uganda,UGA,2012,14.1
Uganda,UGA,2013,15.5
Uganda,UGA,2014,16.9
Uganda,UGA,2015,17.8349
Uganda,UGA,2016,21.8762
Uganda,UGA,2017,23.7065
Uganda,UGA,2018,23.7065
Uganda,UGA,2019,23.7065
Ukraine,UKR,2008,11
Ukraine,UKR,2009,17.9
Ukraine,UKR,2010,23.3
Ukraine,UKR,2011,28.7083
Ukraine,UKR,2012,35.27
Ukraine,UKR,2013,40.9541
Ukraine,UKR,2014,46.236
Ukraine,UKR,2015,48.8846
Ukraine,UKR,2016,53
Ukraine,UKR,2017,58.8895
Ukraine,UKR,2018,58.8895
Ukraine,UKR,2019,58.8895
Upper middle income,UMC,2008,22.0602554
Upper middle income,UMC,2009,26.58238367
Upper middle income,UMC,2010,31.87983657
Upper middle income,UMC,2011,35.93532557
Upper middle income,UMC,2012,40.31104906
Upper middle income,UMC,2013,43.46676639
Upper middle income,UMC,2014,46.18727958
Upper middle income,UMC,2015,50.15191665
Upper middle income,UMC,2016,52.91073519
Upper middle income,UMC,2017,56.66819754
Upper middle income,UMC,2018,58.27142373
Upper middle income,UMC,2019,59.86277574
Uruguay,URY,2008,39.3
Uruguay,URY,2009,41.8
Uruguay,URY,2010,46.4
Uruguay,URY,2011,51.4047
Uruguay,URY,2012,54.4538
Uruguay,URY,2013,57.69
Uruguay,URY,2014,61.46
Uruguay,URY,2015,64.5708
Uruguay,URY,2016,66.4
Uruguay,URY,2017,68.2797
Uruguay,URY,2018,68.2797
Uruguay,URY,2019,76.9496
United States,USA,2008,74
United States,USA,2009,71
United States,USA,2010,71.69
United States,USA,2011,69.7295
United States,USA,2012,74.7
United States,USA,2013,71.4
United States,USA,2014,73
United States,USA,2015,74.5542
United States,USA,2016,85.5444
United States,USA,2017,87.2661
United States,USA,2018,87.2661
United States,USA,2019,87.2661
Uzbekistan,UZB,2008,9.08011
Uzbekistan,UZB,2009,11.9
Uzbekistan,UZB,2010,15.9
Uzbekistan,UZB,2011,18.6
Uzbekistan,UZB,2012,23.6
Uzbekistan,UZB,2013,26.8
Uzbekistan,UZB,2014,35.5
Uzbekistan,UZB,2015,42.8
Uzbekistan,UZB,2016,46.7913
Uzbekistan,UZB,2017,52.3051
Uzbekistan,UZB,2018,52.3051
Uzbekistan,UZB,2019,52.3051
St. Vincent and the Grenadines,VCT,2008,21
St. Vincent and the Grenadines,VCT,2009,31
St. Vincent and the Grenadines,VCT,2010,33.7
St. Vincent and the Grenadines,VCT,2011,36.7
St. Vincent and the Grenadines,VCT,2012,40
St. Vincent and the Grenadines,VCT,2013,43.5
St. Vincent and the Grenadines,VCT,2014,47.4
St. Vincent and the Grenadines,VCT,2015,17.1321
St. Vincent and the Grenadines,VCT,2016,20.6894
St. Vincent and the Grenadines,VCT,2017,22.0043
St. Vincent and the Grenadines,VCT,2018,22.3943
St. Vincent and the Grenadines,VCT,2019,22.3943
"Venezuela, RB",VEN,2008,25.88
"Venezuela, RB",VEN,2009,32.7
"Venezuela, RB",VEN,2010,37.37
"Venezuela, RB",VEN,2011,40.22
"Venezuela, RB",VEN,2012,49.0501
"Venezuela, RB",VEN,2013,54.9
"Venezuela, RB",VEN,2014,57
"Venezuela, RB",VEN,2015,64
"Venezuela, RB",VEN,2016,60
"Venezuela, RB",VEN,2017,72
"Venezuela, RB",VEN,2018,72
"Venezuela, RB",VEN,2019,72
British Virgin Islands,VGB,2008,0
British Virgin Islands,VGB,2009,36
British Virgin Islands,VGB,2010,37
British Virgin Islands,VGB,2011,37.4
British Virgin Islands,VGB,2012,37.6
British Virgin Islands,VGB,2013,37.6
British Virgin Islands,VGB,2014,37.6
British Virgin Islands,VGB,2015,37.6
British Virgin Islands,VGB,2016,77.7014
British Virgin Islands,VGB,2017,77.7043
British Virgin Islands,VGB,2018,77.7043
British Virgin Islands,VGB,2019,77.7043
Virgin Islands (U.S.),VIR,2008,27.3618
Virgin Islands (U.S.),VIR,2009,27.3965
Virgin Islands (U.S.),VIR,2010,31.22
Virgin Islands (U.S.),VIR,2011,35.6
Virgin Islands (U.S.),VIR,2012,40.5479
Virgin Islands (U.S.),VIR,2013,45.3
Virgin Islands (U.S.),VIR,2014,50.07
Virgin Islands (U.S.),VIR,2015,54.8391
Virgin Islands (U.S.),VIR,2016,59.6083
Virgin Islands (U.S.),VIR,2017,64.3775
Virgin Islands (U.S.),VIR,2018,64.3775
Virgin Islands (U.S.),VIR,2019,64.3775
Vietnam,VNM,2008,23.92
Vietnam,VNM,2009,26.55
Vietnam,VNM,2010,30.65
Vietnam,VNM,2011,35.07
Vietnam,VNM,2012,36.8
Vietnam,VNM,2013,38.5
Vietnam,VNM,2014,41
Vietnam,VNM,2015,45
Vietnam,VNM,2016,53
Vietnam,VNM,2017,58.14
Vietnam,VNM,2018,70.3496
Vietnam,VNM,2019,68.7
Vanuatu,VUT,2008,7.26912
Vanuatu,VUT,2009,7.5
Vanuatu,VUT,2010,8
Vanuatu,VUT,2011,9.2
Vanuatu,VUT,2012,10.598
Vanuatu,VUT,2013,11.3
Vanuatu,VUT,2014,18.8
Vanuatu,VUT,2015,22.3514
Vanuatu,VUT,2016,24
Vanuatu,VUT,2017,25.7198
Vanuatu,VUT,2018,25.7198
Vanuatu,VUT,2019,25.7198
World,WLD,2008,22.87070672
World,WLD,2009,25.26661478
World,WLD,2010,28.70576122
World,WLD,2011,31.14821187
World,WLD,2012,34.20761796
World,WLD,2013,36.63936258
World,WLD,2014,39.73548029
World,WLD,2015,41.54684778
World,WLD,2016,44.5538498
World,WLD,2017,49.55654995
World,WLD,2018,50.75884245
World,WLD,2019,51.09671588
Samoa,WSM,2008,5.03162
Samoa,WSM,2009,6
Samoa,WSM,2010,7
Samoa,WSM,2011,11
Samoa,WSM,2012,12.9225
Samoa,WSM,2013,15.3
Samoa,WSM,2014,21.2
Samoa,WSM,2015,25.407
Samoa,WSM,2016,29.4117
Samoa,WSM,2017,33.6109
Samoa,WSM,2018,33.6109
Samoa,WSM,2019,33.6109
Kosovo,XKX,2008,0
Kosovo,XKX,2009,0
Kosovo,XKX,2010,0
Kosovo,XKX,2011,0
Kosovo,XKX,2012,0
Kosovo,XKX,2013,0
Kosovo,XKX,2014,0
Kosovo,XKX,2015,0
Kosovo,XKX,2016,0
Kosovo,XKX,2017,83.8936
Kosovo,XKX,2018,89.443
Kosovo,XKX,2019,89.443
"Yemen, Rep.",YEM,2008,6.89
"Yemen, Rep.",YEM,2009,9.96
"Yemen, Rep.",YEM,2010,12.35
"Yemen, Rep.",YEM,2011,14.905
"Yemen, Rep.",YEM,2012,17.4465
"Yemen, Rep.",YEM,2013,20
"Yemen, Rep.",YEM,2014,22.55
"Yemen, Rep.",YEM,2015,24.0854
"Yemen, Rep.",YEM,2016,24.5792
"Yemen, Rep.",YEM,2017,26.7184
"Yemen, Rep.",YEM,2018,26.7184
"Yemen, Rep.",YEM,2019,26.7184
South Africa,ZAF,2008,8.43
South Africa,ZAF,2009,10
South Africa,ZAF,2010,24
South Africa,ZAF,2011,33.97
South Africa,ZAF,2012,41
South Africa,ZAF,2013,46.5
South Africa,ZAF,2014,49
South Africa,ZAF,2015,51.9191
South Africa,ZAF,2016,54
South Africa,ZAF,2017,56.1674
South Africa,ZAF,2018,56.1674
South Africa,ZAF,2019,56.1674
Zambia,ZMB,2008,5.55
Zambia,ZMB,2009,6.31
Zambia,ZMB,2010,10
Zambia,ZMB,2011,11.5
Zambia,ZMB,2012,13.4682
Zambia,ZMB,2013,15.4
Zambia,ZMB,2014,19
Zambia,ZMB,2015,21
Zambia,ZMB,2016,25.5066
Zambia,ZMB,2017,27.8526
Zambia,ZMB,2018,14.3
Zambia,ZMB,2019,14.3
Zimbabwe,ZWE,2008,3.5
Zimbabwe,ZWE,2009,4
Zimbabwe,ZWE,2010,6.4
Zimbabwe,ZWE,2011,8.4
Zimbabwe,ZWE,2012,12
Zimbabwe,ZWE,2013,15.5
Zimbabwe,ZWE,2014,16.3647
Zimbabwe,ZWE,2015,22.7428
Zimbabwe,ZWE,2016,23.12
Zimbabwe,ZWE,2017,27.0555
Zimbabwe,ZWE,2018,27.0555
Zimbabwe,ZWE,2019,27.0555
